quarter,column,non_null_rows,total_rows,coverage_pct,is_smart
Q1_2023,capacity_bytes,21454992,21454992,100.0,False
Q1_2023,date,21454992,21454992,100.0,False
Q1_2023,failure,21454992,21454992,100.0,False
Q1_2023,model,21454992,21454992,100.0,False
Q1_2023,serial_number,21454992,21454992,100.0,False
Q1_2023,smart_12_normalized,21414305,21454992,99.81,True
Q1_2023,smart_12_raw,21414305,21454992,99.81,True
Q1_2023,smart_194_normalized,21414305,21454992,99.81,True
Q1_2023,smart_194_raw,21414305,21454992,99.81,True
Q1_2023,smart_9_normalized,21414305,21454992,99.81,True
Q1_2023,smart_9_raw,21414305,21454992,99.81,True
Q1_2023,smart_1_normalized,21405143,21454992,99.77,True
Q1_2023,smart_1_raw,21405143,21454992,99.77,True
Q1_2023,smart_192_normalized,21350193,21454992,99.51,True
Q1_2023,smart_192_raw,21350193,21454992,99.51,True
Q1_2023,smart_199_normalized,21247861,21454992,99.03,True
Q1_2023,smart_199_raw,21247861,21454992,99.03,True
Q1_2023,smart_5_normalized,21247861,21454992,99.03,True
Q1_2023,smart_5_raw,21247861,21454992,99.03,True
Q1_2023,smart_198_normalized,21238699,21454992,98.99,True
Q1_2023,smart_198_raw,21238699,21454992,98.99,True
Q1_2023,smart_10_normalized,21183749,21454992,98.74,True
Q1_2023,smart_10_raw,21183749,21454992,98.74,True
Q1_2023,smart_3_normalized,21183749,21454992,98.74,True
Q1_2023,smart_3_raw,21183749,21454992,98.74,True
Q1_2023,smart_4_normalized,21183749,21454992,98.74,True
Q1_2023,smart_4_raw,21183749,21454992,98.74,True
Q1_2023,smart_7_normalized,21183749,21454992,98.74,True
Q1_2023,smart_7_raw,21183749,21454992,98.74,True
Q1_2023,smart_193_normalized,21148491,21454992,98.57,True
Q1_2023,smart_193_raw,21148491,21454992,98.57,True
Q1_2023,smart_197_normalized,20709763,21454992,96.53,True
Q1_2023,smart_197_raw,20709763,21454992,96.53,True
Q1_2023,smart_240_normalized,14520415,21454992,67.68,True
Q1_2023,smart_240_raw,14520415,21454992,67.68,True
Q1_2023,smart_241_normalized,11238449,21454992,52.38,True
Q1_2023,smart_241_raw,11238449,21454992,52.38,True
Q1_2023,smart_242_normalized,11238443,21454992,52.38,True
Q1_2023,smart_242_raw,11238443,21454992,52.38,True
Q1_2023,smart_196_normalized,11161929,21454992,52.02,True
Q1_2023,smart_196_raw,11161929,21454992,52.02,True
Q1_2023,smart_2_normalized,11092300,21454992,51.7,True
Q1_2023,smart_2_raw,11092300,21454992,51.7,True
Q1_2023,smart_8_normalized,11092300,21454992,51.7,True
Q1_2023,smart_8_raw,11092300,21454992,51.7,True
Q1_2023,smart_187_normalized,10124954,21454992,47.19,True
Q1_2023,smart_187_raw,10124954,21454992,47.19,True
Q1_2023,smart_188_normalized,10077977,21454992,46.97,True
Q1_2023,smart_188_raw,10077977,21454992,46.97,True
Q1_2023,smart_190_normalized,10068809,21454992,46.93,True
Q1_2023,smart_190_raw,10068809,21454992,46.93,True
Q1_2023,smart_191_normalized,8490457,21454992,39.57,True
Q1_2023,smart_191_raw,8490457,21454992,39.57,True
Q1_2023,smart_200_normalized,6224157,21454992,29.01,True
Q1_2023,smart_200_raw,6224157,21454992,29.01,True
Q1_2023,smart_18_normalized,5954856,21454992,27.76,True
Q1_2023,smart_18_raw,5954856,21454992,27.76,True
Q1_2023,smart_223_normalized,4952949,21454992,23.09,True
Q1_2023,smart_223_raw,4952949,21454992,23.09,True
Q1_2023,smart_23_normalized,4911869,21454992,22.89,True
Q1_2023,smart_23_raw,4911869,21454992,22.89,True
Q1_2023,smart_24_normalized,4911869,21454992,22.89,True
Q1_2023,smart_24_raw,4911869,21454992,22.89,True
Q1_2023,smart_22_normalized,4601872,21454992,21.45,True
Q1_2023,smart_22_raw,4601872,21454992,21.45,True
Q1_2023,smart_220_normalized,4445567,21454992,20.72,True
Q1_2023,smart_220_raw,4445567,21454992,20.72,True
Q1_2023,smart_222_normalized,4445567,21454992,20.72,True
Q1_2023,smart_222_raw,4445567,21454992,20.72,True
Q1_2023,smart_224_normalized,4445567,21454992,20.72,True
Q1_2023,smart_224_raw,4445567,21454992,20.72,True
Q1_2023,smart_226_normalized,4445567,21454992,20.72,True
Q1_2023,smart_226_raw,4445567,21454992,20.72,True
Q1_2023,smart_195_normalized,4419136,21454992,20.6,True
Q1_2023,smart_195_raw,4419136,21454992,20.6,True
Q1_2023,smart_184_normalized,4056751,21454992,18.91,True
Q1_2023,smart_184_raw,4056751,21454992,18.91,True
Q1_2023,smart_189_normalized,4000537,21454992,18.65,True
Q1_2023,smart_189_raw,4000537,21454992,18.65,True
Q1_2023,smart_183_normalized,1765360,21454992,8.23,True
Q1_2023,smart_183_raw,1765360,21454992,8.23,True
Q1_2023,smart_173_normalized,222658,21454992,1.04,True
Q1_2023,smart_173_raw,222658,21454992,1.04,True
Q1_2023,smart_174_normalized,222658,21454992,1.04,True
Q1_2023,smart_174_raw,222658,21454992,1.04,True
Q1_2023,smart_233_normalized,183573,21454992,0.86,True
Q1_2023,smart_233_raw,183573,21454992,0.86,True
Q1_2023,smart_168_normalized,175606,21454992,0.82,True
Q1_2023,smart_168_raw,175606,21454992,0.82,True
Q1_2023,smart_170_normalized,175669,21454992,0.82,True
Q1_2023,smart_170_raw,175669,21454992,0.82,True
Q1_2023,smart_232_normalized,175606,21454992,0.82,True
Q1_2023,smart_232_raw,175606,21454992,0.82,True
Q1_2023,smart_16_normalized,166444,21454992,0.78,True
Q1_2023,smart_16_raw,166444,21454992,0.78,True
Q1_2023,smart_177_normalized,166444,21454992,0.78,True
Q1_2023,smart_177_raw,166444,21454992,0.78,True
Q1_2023,smart_17_normalized,166444,21454992,0.78,True
Q1_2023,smart_17_raw,166444,21454992,0.78,True
Q1_2023,smart_218_normalized,166444,21454992,0.78,True
Q1_2023,smart_218_raw,166444,21454992,0.78,True
Q1_2023,smart_231_normalized,166444,21454992,0.78,True
Q1_2023,smart_231_raw,166444,21454992,0.78,True
Q1_2023,smart_235_normalized,166513,21454992,0.78,True
Q1_2023,smart_235_raw,166513,21454992,0.78,True
Q1_2023,smart_11_normalized,57898,21454992,0.27,True
Q1_2023,smart_11_raw,57898,21454992,0.27,True
Q1_2023,smart_171_normalized,56189,21454992,0.26,True
Q1_2023,smart_171_raw,56189,21454992,0.26,True
Q1_2023,smart_172_normalized,56189,21454992,0.26,True
Q1_2023,smart_172_raw,56189,21454992,0.26,True
Q1_2023,smart_180_normalized,54950,21454992,0.26,True
Q1_2023,smart_180_raw,54950,21454992,0.26,True
Q1_2023,smart_202_normalized,54950,21454992,0.26,True
Q1_2023,smart_202_raw,54950,21454992,0.26,True
Q1_2023,smart_206_normalized,46989,21454992,0.22,True
Q1_2023,smart_206_raw,46989,21454992,0.22,True
Q1_2023,smart_210_normalized,46989,21454992,0.22,True
Q1_2023,smart_210_raw,46989,21454992,0.22,True
Q1_2023,smart_234_normalized,47121,21454992,0.22,True
Q1_2023,smart_234_raw,47121,21454992,0.22,True
Q1_2023,smart_246_normalized,46983,21454992,0.22,True
Q1_2023,smart_246_raw,46983,21454992,0.22,True
Q1_2023,smart_247_normalized,46989,21454992,0.22,True
Q1_2023,smart_247_raw,46989,21454992,0.22,True
Q1_2023,smart_248_normalized,46989,21454992,0.22,True
Q1_2023,smart_248_raw,46989,21454992,0.22,True
Q1_2023,smart_225_normalized,35258,21454992,0.16,True
Q1_2023,smart_225_raw,35258,21454992,0.16,True
Q1_2023,smart_254_normalized,23036,21454992,0.11,True
Q1_2023,smart_254_raw,23036,21454992,0.11,True
Q1_2023,smart_13_normalized,7967,21454992,0.04,True
Q1_2023,smart_13_raw,7967,21454992,0.04,True
Q1_2023,smart_165_normalized,9162,21454992,0.04,True
Q1_2023,smart_165_raw,9162,21454992,0.04,True
Q1_2023,smart_166_normalized,9162,21454992,0.04,True
Q1_2023,smart_166_raw,9162,21454992,0.04,True
Q1_2023,smart_167_normalized,9162,21454992,0.04,True
Q1_2023,smart_167_raw,9162,21454992,0.04,True
Q1_2023,smart_169_normalized,9162,21454992,0.04,True
Q1_2023,smart_169_raw,9162,21454992,0.04,True
Q1_2023,smart_179_normalized,7967,21454992,0.04,True
Q1_2023,smart_179_raw,7967,21454992,0.04,True
Q1_2023,smart_181_normalized,7967,21454992,0.04,True
Q1_2023,smart_181_raw,7967,21454992,0.04,True
Q1_2023,smart_182_normalized,7967,21454992,0.04,True
Q1_2023,smart_182_raw,7967,21454992,0.04,True
Q1_2023,smart_201_normalized,7967,21454992,0.04,True
Q1_2023,smart_201_raw,7967,21454992,0.04,True
Q1_2023,smart_230_normalized,9162,21454992,0.04,True
Q1_2023,smart_230_raw,9162,21454992,0.04,True
Q1_2023,smart_244_normalized,9162,21454992,0.04,True
Q1_2023,smart_244_raw,9162,21454992,0.04,True
Q1_2023,smart_245_normalized,7967,21454992,0.04,True
Q1_2023,smart_245_raw,7967,21454992,0.04,True
Q1_2023,smart_15_normalized,0,21454992,0.0,True
Q1_2023,smart_15_raw,0,21454992,0.0,True
Q1_2023,smart_160_normalized,0,21454992,0.0,True
Q1_2023,smart_160_raw,0,21454992,0.0,True
Q1_2023,smart_161_normalized,0,21454992,0.0,True
Q1_2023,smart_161_raw,0,21454992,0.0,True
Q1_2023,smart_163_normalized,0,21454992,0.0,True
Q1_2023,smart_163_raw,0,21454992,0.0,True
Q1_2023,smart_164_normalized,0,21454992,0.0,True
Q1_2023,smart_164_raw,0,21454992,0.0,True
Q1_2023,smart_175_normalized,69,21454992,0.0,True
Q1_2023,smart_175_raw,69,21454992,0.0,True
Q1_2023,smart_176_normalized,0,21454992,0.0,True
Q1_2023,smart_176_raw,0,21454992,0.0,True
Q1_2023,smart_178_normalized,0,21454992,0.0,True
Q1_2023,smart_178_raw,0,21454992,0.0,True
Q1_2023,smart_250_normalized,0,21454992,0.0,True
Q1_2023,smart_250_raw,0,21454992,0.0,True
Q1_2023,smart_251_normalized,0,21454992,0.0,True
Q1_2023,smart_251_raw,0,21454992,0.0,True
Q1_2023,smart_252_normalized,0,21454992,0.0,True
Q1_2023,smart_252_raw,0,21454992,0.0,True
Q1_2023,smart_255_normalized,0,21454992,0.0,True
Q1_2023,smart_255_raw,0,21454992,0.0,True
Q1_2024,capacity_bytes,25189213,25189213,100.0,False
Q1_2024,cluster_id,25189213,25189213,100.0,False
Q1_2024,date,25189213,25189213,100.0,False
Q1_2024,failure,25189213,25189213,100.0,False
Q1_2024,is_legacy_format,25189213,25189213,100.0,False
Q1_2024,model,25189213,25189213,100.0,False
Q1_2024,pod_id,25189213,25189213,100.0,False
Q1_2024,serial_number,25189213,25189213,100.0,False
Q1_2024,vault_id,25189213,25189213,100.0,False
Q1_2024,datacenter,25005625,25189213,99.27,False
Q1_2024,pod_slot_num,24788778,25189213,98.41,False
Q1_2024,smart_12_normalized,25140464,25189213,99.81,True
Q1_2024,smart_12_raw,25140464,25189213,99.81,True
Q1_2024,smart_194_normalized,25140464,25189213,99.81,True
Q1_2024,smart_194_raw,25140464,25189213,99.81,True
Q1_2024,smart_9_normalized,25140464,25189213,99.81,True
Q1_2024,smart_9_raw,25140464,25189213,99.81,True
Q1_2024,smart_1_normalized,25117771,25189213,99.72,True
Q1_2024,smart_1_raw,25117771,25189213,99.72,True
Q1_2024,smart_192_normalized,25051076,25189213,99.45,True
Q1_2024,smart_192_raw,25051076,25189213,99.45,True
Q1_2024,smart_199_normalized,24968451,25189213,99.12,True
Q1_2024,smart_199_raw,24968451,25189213,99.12,True
Q1_2024,smart_5_normalized,24968451,25189213,99.12,True
Q1_2024,smart_5_raw,24968451,25189213,99.12,True
Q1_2024,smart_198_normalized,24945758,25189213,99.03,True
Q1_2024,smart_198_raw,24945758,25189213,99.03,True
Q1_2024,smart_10_normalized,24879063,25189213,98.77,True
Q1_2024,smart_10_raw,24879063,25189213,98.77,True
Q1_2024,smart_3_normalized,24879063,25189213,98.77,True
Q1_2024,smart_3_raw,24879063,25189213,98.77,True
Q1_2024,smart_4_normalized,24879063,25189213,98.77,True
Q1_2024,smart_4_raw,24879063,25189213,98.77,True
Q1_2024,smart_7_normalized,24879063,25189213,98.77,True
Q1_2024,smart_7_raw,24879063,25189213,98.77,True
Q1_2024,smart_193_normalized,24856352,25189213,98.68,True
Q1_2024,smart_193_raw,24856352,25189213,98.68,True
Q1_2024,smart_197_normalized,24399681,25189213,96.87,True
Q1_2024,smart_197_raw,24399681,25189213,96.87,True
Q1_2024,smart_240_normalized,17290320,25189213,68.64,True
Q1_2024,smart_240_raw,17290320,25189213,68.64,True
Q1_2024,smart_196_normalized,14978218,25189213,59.46,True
Q1_2024,smart_196_raw,14978218,25189213,59.46,True
Q1_2024,smart_2_normalized,14903163,25189213,59.16,True
Q1_2024,smart_2_raw,14903163,25189213,59.16,True
Q1_2024,smart_8_normalized,14903163,25189213,59.16,True
Q1_2024,smart_8_raw,14903163,25189213,59.16,True
Q1_2024,smart_241_normalized,11210071,25189213,44.5,True
Q1_2024,smart_241_raw,11210071,25189213,44.5,True
Q1_2024,smart_242_normalized,11210071,25189213,44.5,True
Q1_2024,smart_242_raw,11210071,25189213,44.5,True
Q1_2024,smart_191_normalized,10454112,25189213,41.5,True
Q1_2024,smart_191_raw,10454112,25189213,41.5,True
Q1_2024,smart_187_normalized,10040730,25189213,39.86,True
Q1_2024,smart_187_raw,10040730,25189213,39.86,True
Q1_2024,smart_188_normalized,9986344,25189213,39.65,True
Q1_2024,smart_188_raw,9986344,25189213,39.65,True
Q1_2024,smart_190_normalized,9959441,25189213,39.54,True
Q1_2024,smart_190_raw,9959441,25189213,39.54,True
Q1_2024,smart_223_normalized,7861897,25189213,31.21,True
Q1_2024,smart_223_raw,7861897,25189213,31.21,True
Q1_2024,smart_23_normalized,7822243,25189213,31.05,True
Q1_2024,smart_23_raw,7822243,25189213,31.05,True
Q1_2024,smart_24_normalized,7822243,25189213,31.05,True
Q1_2024,smart_24_raw,7822243,25189213,31.05,True
Q1_2024,smart_220_normalized,7326633,25189213,29.09,True
Q1_2024,smart_220_raw,7326633,25189213,29.09,True
Q1_2024,smart_222_normalized,7326633,25189213,29.09,True
Q1_2024,smart_222_raw,7326633,25189213,29.09,True
Q1_2024,smart_224_normalized,7326451,25189213,29.09,True
Q1_2024,smart_224_raw,7326451,25189213,29.09,True
Q1_2024,smart_226_normalized,7326633,25189213,29.09,True
Q1_2024,smart_226_raw,7326633,25189213,29.09,True
Q1_2024,smart_200_normalized,6979831,25189213,27.71,True
Q1_2024,smart_200_raw,6979831,25189213,27.71,True
Q1_2024,smart_18_normalized,6756176,25189213,26.82,True
Q1_2024,smart_18_raw,6756176,25189213,26.82,True
Q1_2024,smart_22_normalized,5917403,25189213,23.49,True
Q1_2024,smart_22_raw,5917403,25189213,23.49,True
Q1_2024,smart_195_normalized,4338685,25189213,17.22,True
Q1_2024,smart_195_raw,4338685,25189213,17.22,True
Q1_2024,smart_184_normalized,3184059,25189213,12.64,True
Q1_2024,smart_184_raw,3184059,25189213,12.64,True
Q1_2024,smart_189_normalized,3098469,25189213,12.3,True
Q1_2024,smart_189_raw,3098469,25189213,12.3,True
Q1_2024,smart_183_normalized,932648,25189213,3.7,True
Q1_2024,smart_183_raw,932648,25189213,3.7,True
Q1_2024,smart_71_normalized,279963,25189213,1.11,True
Q1_2024,smart_71_raw,279963,25189213,1.11,True
Q1_2024,smart_90_normalized,279963,25189213,1.11,True
Q1_2024,smart_90_raw,279963,25189213,1.11,True
Q1_2024,smart_173_normalized,253393,25189213,1.01,True
Q1_2024,smart_173_raw,253393,25189213,1.01,True
Q1_2024,smart_174_normalized,253393,25189213,1.01,True
Q1_2024,smart_174_raw,253393,25189213,1.01,True
Q1_2024,smart_233_normalized,202805,25189213,0.81,True
Q1_2024,smart_233_raw,202805,25189213,0.81,True
Q1_2024,smart_168_normalized,194706,25189213,0.77,True
Q1_2024,smart_168_raw,194706,25189213,0.77,True
Q1_2024,smart_170_normalized,194797,25189213,0.77,True
Q1_2024,smart_170_raw,194797,25189213,0.77,True
Q1_2024,smart_232_normalized,194706,25189213,0.77,True
Q1_2024,smart_232_raw,194706,25189213,0.77,True
Q1_2024,smart_16_normalized,172013,25189213,0.68,True
Q1_2024,smart_16_raw,172013,25189213,0.68,True
Q1_2024,smart_177_normalized,172013,25189213,0.68,True
Q1_2024,smart_177_raw,172013,25189213,0.68,True
Q1_2024,smart_17_normalized,172013,25189213,0.68,True
Q1_2024,smart_17_raw,172013,25189213,0.68,True
Q1_2024,smart_218_normalized,172013,25189213,0.68,True
Q1_2024,smart_218_raw,172013,25189213,0.68,True
Q1_2024,smart_231_normalized,172013,25189213,0.68,True
Q1_2024,smart_231_raw,172013,25189213,0.68,True
Q1_2024,smart_235_normalized,172104,25189213,0.68,True
Q1_2024,smart_235_raw,172104,25189213,0.68,True
Q1_2024,smart_171_normalized,81380,25189213,0.32,True
Q1_2024,smart_171_raw,81380,25189213,0.32,True
Q1_2024,smart_172_normalized,81380,25189213,0.32,True
Q1_2024,smart_172_raw,81380,25189213,0.32,True
Q1_2024,smart_234_normalized,69517,25189213,0.28,True
Q1_2024,smart_234_raw,69517,25189213,0.28,True
Q1_2024,smart_180_normalized,66695,25189213,0.26,True
Q1_2024,smart_180_raw,66695,25189213,0.26,True
Q1_2024,smart_202_normalized,66695,25189213,0.26,True
Q1_2024,smart_202_raw,66695,25189213,0.26,True
Q1_2024,smart_206_normalized,58596,25189213,0.23,True
Q1_2024,smart_206_raw,58596,25189213,0.23,True
Q1_2024,smart_210_normalized,58596,25189213,0.23,True
Q1_2024,smart_210_raw,58596,25189213,0.23,True
Q1_2024,smart_246_normalized,58596,25189213,0.23,True
Q1_2024,smart_246_raw,58596,25189213,0.23,True
Q1_2024,smart_247_normalized,58596,25189213,0.23,True
Q1_2024,smart_247_raw,58596,25189213,0.23,True
Q1_2024,smart_248_normalized,58596,25189213,0.23,True
Q1_2024,smart_248_raw,58596,25189213,0.23,True
Q1_2024,smart_11_normalized,39170,25189213,0.16,True
Q1_2024,smart_11_raw,39170,25189213,0.16,True
Q1_2024,smart_165_normalized,22693,25189213,0.09,True
Q1_2024,smart_165_raw,22693,25189213,0.09,True
Q1_2024,smart_166_normalized,22693,25189213,0.09,True
Q1_2024,smart_166_raw,22693,25189213,0.09,True
Q1_2024,smart_167_normalized,22693,25189213,0.09,True
Q1_2024,smart_167_raw,22693,25189213,0.09,True
Q1_2024,smart_169_normalized,22693,25189213,0.09,True
Q1_2024,smart_169_raw,22693,25189213,0.09,True
Q1_2024,smart_225_normalized,22711,25189213,0.09,True
Q1_2024,smart_225_raw,22711,25189213,0.09,True
Q1_2024,smart_230_normalized,22693,25189213,0.09,True
Q1_2024,smart_230_raw,22693,25189213,0.09,True
Q1_2024,smart_244_normalized,22693,25189213,0.09,True
Q1_2024,smart_244_raw,22693,25189213,0.09,True
Q1_2024,smart_254_normalized,21038,25189213,0.08,True
Q1_2024,smart_254_raw,21038,25189213,0.08,True
Q1_2024,smart_13_normalized,8099,25189213,0.03,True
Q1_2024,smart_13_raw,8099,25189213,0.03,True
Q1_2024,smart_179_normalized,8099,25189213,0.03,True
Q1_2024,smart_179_raw,8099,25189213,0.03,True
Q1_2024,smart_181_normalized,8099,25189213,0.03,True
Q1_2024,smart_181_raw,8099,25189213,0.03,True
Q1_2024,smart_182_normalized,8099,25189213,0.03,True
Q1_2024,smart_182_raw,8099,25189213,0.03,True
Q1_2024,smart_201_normalized,8099,25189213,0.03,True
Q1_2024,smart_201_raw,8099,25189213,0.03,True
Q1_2024,smart_245_normalized,8099,25189213,0.03,True
Q1_2024,smart_245_raw,8099,25189213,0.03,True
Q1_2024,smart_15_normalized,0,25189213,0.0,True
Q1_2024,smart_15_raw,0,25189213,0.0,True
Q1_2024,smart_160_normalized,0,25189213,0.0,True
Q1_2024,smart_160_raw,0,25189213,0.0,True
Q1_2024,smart_161_normalized,0,25189213,0.0,True
Q1_2024,smart_161_raw,0,25189213,0.0,True
Q1_2024,smart_163_normalized,0,25189213,0.0,True
Q1_2024,smart_163_raw,0,25189213,0.0,True
Q1_2024,smart_164_normalized,0,25189213,0.0,True
Q1_2024,smart_164_raw,0,25189213,0.0,True
Q1_2024,smart_175_normalized,91,25189213,0.0,True
Q1_2024,smart_175_raw,91,25189213,0.0,True
Q1_2024,smart_176_normalized,0,25189213,0.0,True
Q1_2024,smart_176_raw,0,25189213,0.0,True
Q1_2024,smart_178_normalized,0,25189213,0.0,True
Q1_2024,smart_178_raw,0,25189213,0.0,True
Q1_2024,smart_250_normalized,0,25189213,0.0,True
Q1_2024,smart_250_raw,0,25189213,0.0,True
Q1_2024,smart_251_normalized,0,25189213,0.0,True
Q1_2024,smart_251_raw,0,25189213,0.0,True
Q1_2024,smart_252_normalized,0,25189213,0.0,True
Q1_2024,smart_252_raw,0,25189213,0.0,True
Q1_2024,smart_255_normalized,0,25189213,0.0,True
Q1_2024,smart_255_raw,0,25189213,0.0,True
Q1_2024,smart_27_normalized,182,25189213,0.0,True
Q1_2024,smart_27_raw,182,25189213,0.0,True
Q1_2024,smart_82_normalized,622,25189213,0.0,True
Q1_2024,smart_82_raw,622,25189213,0.0,True
Q1_2025,capacity_bytes,27799986,27799986,100.0,False
Q1_2025,cluster_id,27799986,27799986,100.0,False
Q1_2025,datacenter,27799986,27799986,100.0,False
Q1_2025,date,27799986,27799986,100.0,False
Q1_2025,failure,27799986,27799986,100.0,False
Q1_2025,is_legacy_format,27799986,27799986,100.0,False
Q1_2025,model,27799986,27799986,100.0,False
Q1_2025,pod_id,27799986,27799986,100.0,False
Q1_2025,serial_number,27799986,27799986,100.0,False
Q1_2025,vault_id,27799986,27799986,100.0,False
Q1_2025,pod_slot_num,27421990,27799986,98.64,False
Q1_2025,smart_12_normalized,27761188,27799986,99.86,True
Q1_2025,smart_12_raw,27761188,27799986,99.86,True
Q1_2025,smart_194_normalized,27760984,27799986,99.86,True
Q1_2025,smart_194_raw,27760984,27799986,99.86,True
Q1_2025,smart_9_normalized,27761188,27799986,99.86,True
Q1_2025,smart_9_raw,27761188,27799986,99.86,True
Q1_2025,smart_1_normalized,27733513,27799986,99.76,True
Q1_2025,smart_1_raw,27733513,27799986,99.76,True
Q1_2025,smart_192_normalized,27662025,27799986,99.5,True
Q1_2025,smart_192_raw,27662025,27799986,99.5,True
Q1_2025,smart_199_normalized,27595994,27799986,99.27,True
Q1_2025,smart_199_raw,27595994,27799986,99.27,True
Q1_2025,smart_5_normalized,27595994,27799986,99.27,True
Q1_2025,smart_5_raw,27595994,27799986,99.27,True
Q1_2025,smart_198_normalized,27568319,27799986,99.17,True
Q1_2025,smart_198_raw,27568319,27799986,99.17,True
Q1_2025,smart_10_normalized,27496831,27799986,98.91,True
Q1_2025,smart_10_raw,27496831,27799986,98.91,True
Q1_2025,smart_3_normalized,27496831,27799986,98.91,True
Q1_2025,smart_3_raw,27496831,27799986,98.91,True
Q1_2025,smart_4_normalized,27496831,27799986,98.91,True
Q1_2025,smart_4_raw,27496831,27799986,98.91,True
Q1_2025,smart_7_normalized,27496831,27799986,98.91,True
Q1_2025,smart_7_raw,27496831,27799986,98.91,True
Q1_2025,smart_193_normalized,27489582,27799986,98.88,True
Q1_2025,smart_193_raw,27489582,27799986,98.88,True
Q1_2025,smart_197_normalized,27025901,27799986,97.22,True
Q1_2025,smart_197_raw,27025901,27799986,97.22,True
Q1_2025,smart_196_normalized,17912599,27799986,64.43,True
Q1_2025,smart_196_raw,17912599,27799986,64.43,True
Q1_2025,smart_240_normalized,17851583,27799986,64.21,True
Q1_2025,smart_240_raw,17851583,27799986,64.21,True
Q1_2025,smart_2_normalized,17839022,27799986,64.17,True
Q1_2025,smart_2_raw,17839022,27799986,64.17,True
Q1_2025,smart_8_normalized,17839022,27799986,64.17,True
Q1_2025,smart_8_raw,17839022,27799986,64.17,True
Q1_2025,smart_241_normalized,11536075,27799986,41.5,True
Q1_2025,smart_241_raw,11536075,27799986,41.5,True
Q1_2025,smart_242_normalized,11535871,27799986,41.5,True
Q1_2025,smart_242_raw,11535871,27799986,41.5,True
Q1_2025,smart_191_normalized,10352759,27799986,37.24,True
Q1_2025,smart_191_raw,10352759,27799986,37.24,True
Q1_2025,smart_187_normalized,9738855,27799986,35.03,True
Q1_2025,smart_187_raw,9738855,27799986,35.03,True
Q1_2025,smart_188_normalized,9683194,27799986,34.83,True
Q1_2025,smart_188_raw,9683194,27799986,34.83,True
Q1_2025,smart_190_normalized,9647910,27799986,34.7,True
Q1_2025,smart_190_raw,9647910,27799986,34.7,True
Q1_2025,smart_22_normalized,8746983,27799986,31.46,True
Q1_2025,smart_22_raw,8746983,27799986,31.46,True
Q1_2025,smart_23_normalized,8705604,27799986,31.32,True
Q1_2025,smart_23_raw,8705604,27799986,31.32,True
Q1_2025,smart_24_normalized,8705604,27799986,31.32,True
Q1_2025,smart_24_raw,8705604,27799986,31.32,True
Q1_2025,smart_220_normalized,8201744,27799986,29.5,True
Q1_2025,smart_220_raw,8201744,27799986,29.5,True
Q1_2025,smart_222_normalized,8201744,27799986,29.5,True
Q1_2025,smart_222_raw,8201744,27799986,29.5,True
Q1_2025,smart_226_normalized,8201744,27799986,29.5,True
Q1_2025,smart_226_raw,8201744,27799986,29.5,True
Q1_2025,smart_223_normalized,8077255,27799986,29.05,True
Q1_2025,smart_223_raw,8077255,27799986,29.05,True
Q1_2025,smart_200_normalized,7595333,27799986,27.32,True
Q1_2025,smart_200_raw,7595333,27799986,27.32,True
Q1_2025,smart_224_normalized,7568305,27799986,27.22,True
Q1_2025,smart_224_raw,7568305,27799986,27.22,True
Q1_2025,smart_18_normalized,7414327,27799986,26.67,True
Q1_2025,smart_18_raw,7414327,27799986,26.67,True
Q1_2025,smart_195_normalized,4090970,27799986,14.72,True
Q1_2025,smart_195_raw,4090970,27799986,14.72,True
Q1_2025,smart_71_normalized,2870372,27799986,10.33,True
Q1_2025,smart_71_raw,2870372,27799986,10.33,True
Q1_2025,smart_90_normalized,2870372,27799986,10.33,True
Q1_2025,smart_90_raw,2870372,27799986,10.33,True
Q1_2025,smart_184_normalized,2239053,27799986,8.05,True
Q1_2025,smart_184_raw,2239053,27799986,8.05,True
Q1_2025,smart_189_normalized,2140267,27799986,7.7,True
Q1_2025,smart_189_raw,2140267,27799986,7.7,True
Q1_2025,smart_27_normalized,638007,27799986,2.29,True
Q1_2025,smart_27_raw,638007,27799986,2.29,True
Q1_2025,smart_173_normalized,256233,27799986,0.92,True
Q1_2025,smart_173_raw,256233,27799986,0.92,True
Q1_2025,smart_174_normalized,256233,27799986,0.92,True
Q1_2025,smart_174_raw,256233,27799986,0.92,True
Q1_2025,smart_233_normalized,200679,27799986,0.72,True
Q1_2025,smart_233_raw,200679,27799986,0.72,True
Q1_2025,smart_168_normalized,192665,27799986,0.69,True
Q1_2025,smart_168_raw,192665,27799986,0.69,True
Q1_2025,smart_170_normalized,193029,27799986,0.69,True
Q1_2025,smart_170_raw,193029,27799986,0.69,True
Q1_2025,smart_232_normalized,192665,27799986,0.69,True
Q1_2025,smart_232_raw,192665,27799986,0.69,True
Q1_2025,smart_235_normalized,165492,27799986,0.6,True
Q1_2025,smart_235_raw,165492,27799986,0.6,True
Q1_2025,smart_16_normalized,165194,27799986,0.59,True
Q1_2025,smart_16_raw,165194,27799986,0.59,True
Q1_2025,smart_177_normalized,165398,27799986,0.59,True
Q1_2025,smart_177_raw,165398,27799986,0.59,True
Q1_2025,smart_17_normalized,165194,27799986,0.59,True
Q1_2025,smart_17_raw,165194,27799986,0.59,True
Q1_2025,smart_218_normalized,165194,27799986,0.59,True
Q1_2025,smart_218_raw,165194,27799986,0.59,True
Q1_2025,smart_231_normalized,165194,27799986,0.59,True
Q1_2025,smart_231_raw,165194,27799986,0.59,True
Q1_2025,smart_171_normalized,91035,27799986,0.33,True
Q1_2025,smart_171_raw,91035,27799986,0.33,True
Q1_2025,smart_172_normalized,91035,27799986,0.33,True
Q1_2025,smart_172_raw,91035,27799986,0.33,True
Q1_2025,smart_234_normalized,75126,27799986,0.27,True
Q1_2025,smart_234_raw,75126,27799986,0.27,True
Q1_2025,smart_180_normalized,71488,27799986,0.26,True
Q1_2025,smart_180_raw,71488,27799986,0.26,True
Q1_2025,smart_202_normalized,71488,27799986,0.26,True
Q1_2025,smart_202_raw,71488,27799986,0.26,True
Q1_2025,smart_183_normalized,63822,27799986,0.23,True
Q1_2025,smart_183_raw,63822,27799986,0.23,True
Q1_2025,smart_206_normalized,63474,27799986,0.23,True
Q1_2025,smart_206_raw,63474,27799986,0.23,True
Q1_2025,smart_210_normalized,63474,27799986,0.23,True
Q1_2025,smart_210_raw,63474,27799986,0.23,True
Q1_2025,smart_246_normalized,63474,27799986,0.23,True
Q1_2025,smart_246_raw,63474,27799986,0.23,True
Q1_2025,smart_247_normalized,63474,27799986,0.23,True
Q1_2025,smart_247_raw,63474,27799986,0.23,True
Q1_2025,smart_248_normalized,63474,27799986,0.23,True
Q1_2025,smart_248_raw,63474,27799986,0.23,True
Q1_2025,smart_165_normalized,27471,27799986,0.1,True
Q1_2025,smart_165_raw,27471,27799986,0.1,True
Q1_2025,smart_166_normalized,27471,27799986,0.1,True
Q1_2025,smart_166_raw,27471,27799986,0.1,True
Q1_2025,smart_167_normalized,27471,27799986,0.1,True
Q1_2025,smart_167_raw,27471,27799986,0.1,True
Q1_2025,smart_169_normalized,27471,27799986,0.1,True
Q1_2025,smart_169_raw,27471,27799986,0.1,True
Q1_2025,smart_230_normalized,27471,27799986,0.1,True
Q1_2025,smart_230_raw,27471,27799986,0.1,True
Q1_2025,smart_244_normalized,27471,27799986,0.1,True
Q1_2025,smart_244_raw,27471,27799986,0.1,True
Q1_2025,smart_254_normalized,18751,27799986,0.07,True
Q1_2025,smart_254_raw,18751,27799986,0.07,True
Q1_2025,smart_11_normalized,17352,27799986,0.06,True
Q1_2025,smart_11_raw,17352,27799986,0.06,True
Q1_2025,smart_13_normalized,8014,27799986,0.03,True
Q1_2025,smart_13_raw,8014,27799986,0.03,True
Q1_2025,smart_179_normalized,8218,27799986,0.03,True
Q1_2025,smart_179_raw,8218,27799986,0.03,True
Q1_2025,smart_181_normalized,8218,27799986,0.03,True
Q1_2025,smart_181_raw,8218,27799986,0.03,True
Q1_2025,smart_182_normalized,8218,27799986,0.03,True
Q1_2025,smart_182_raw,8218,27799986,0.03,True
Q1_2025,smart_201_normalized,8014,27799986,0.03,True
Q1_2025,smart_201_raw,8014,27799986,0.03,True
Q1_2025,smart_225_normalized,7249,27799986,0.03,True
Q1_2025,smart_225_raw,7249,27799986,0.03,True
Q1_2025,smart_245_normalized,8014,27799986,0.03,True
Q1_2025,smart_245_raw,8014,27799986,0.03,True
Q1_2025,smart_15_normalized,0,27799986,0.0,True
Q1_2025,smart_15_raw,0,27799986,0.0,True
Q1_2025,smart_160_normalized,0,27799986,0.0,True
Q1_2025,smart_160_raw,0,27799986,0.0,True
Q1_2025,smart_161_normalized,0,27799986,0.0,True
Q1_2025,smart_161_raw,0,27799986,0.0,True
Q1_2025,smart_163_normalized,0,27799986,0.0,True
Q1_2025,smart_163_raw,0,27799986,0.0,True
Q1_2025,smart_164_normalized,0,27799986,0.0,True
Q1_2025,smart_164_raw,0,27799986,0.0,True
Q1_2025,smart_175_normalized,94,27799986,0.0,True
Q1_2025,smart_175_raw,94,27799986,0.0,True
Q1_2025,smart_176_normalized,0,27799986,0.0,True
Q1_2025,smart_176_raw,0,27799986,0.0,True
Q1_2025,smart_178_normalized,0,27799986,0.0,True
Q1_2025,smart_178_raw,0,27799986,0.0,True
Q1_2025,smart_211_normalized,270,27799986,0.0,True
Q1_2025,smart_211_raw,270,27799986,0.0,True
Q1_2025,smart_212_normalized,270,27799986,0.0,True
Q1_2025,smart_212_raw,270,27799986,0.0,True
Q1_2025,smart_250_normalized,0,27799986,0.0,True
Q1_2025,smart_250_raw,0,27799986,0.0,True
Q1_2025,smart_251_normalized,0,27799986,0.0,True
Q1_2025,smart_251_raw,0,27799986,0.0,True
Q1_2025,smart_252_normalized,0,27799986,0.0,True
Q1_2025,smart_252_raw,0,27799986,0.0,True
Q1_2025,smart_255_normalized,0,27799986,0.0,True
Q1_2025,smart_255_raw,0,27799986,0.0,True
Q1_2025,smart_82_normalized,409,27799986,0.0,True
Q1_2025,smart_82_raw,409,27799986,0.0,True
Q2_2023,capacity_bytes,21835156,21835156,100.0,False
Q2_2023,date,21835156,21835156,100.0,False
Q2_2023,failure,21835156,21835156,100.0,False
Q2_2023,is_legacy_format,21835156,21835156,100.0,False
Q2_2023,model,21835156,21835156,100.0,False
Q2_2023,pod_id,21835156,21835156,100.0,False
Q2_2023,serial_number,21835156,21835156,100.0,False
Q2_2023,vault_id,21835156,21835156,100.0,False
Q2_2023,smart_12_normalized,21795149,21835156,99.82,True
Q2_2023,smart_12_raw,21795149,21835156,99.82,True
Q2_2023,smart_194_normalized,21795149,21835156,99.82,True
Q2_2023,smart_194_raw,21795149,21835156,99.82,True
Q2_2023,smart_9_normalized,21795149,21835156,99.82,True
Q2_2023,smart_9_raw,21795149,21835156,99.82,True
Q2_2023,smart_1_normalized,21782156,21835156,99.76,True
Q2_2023,smart_1_raw,21782156,21835156,99.76,True
Q2_2023,smart_192_normalized,21722770,21835156,99.49,True
Q2_2023,smart_192_raw,21722770,21835156,99.49,True
Q2_2023,smart_199_normalized,21627165,21835156,99.05,True
Q2_2023,smart_199_raw,21627165,21835156,99.05,True
Q2_2023,smart_5_normalized,21627165,21835156,99.05,True
Q2_2023,smart_5_raw,21627165,21835156,99.05,True
Q2_2023,smart_198_normalized,21614172,21835156,98.99,True
Q2_2023,smart_198_raw,21614172,21835156,98.99,True
Q2_2023,smart_10_normalized,21554786,21835156,98.72,True
Q2_2023,smart_10_raw,21554786,21835156,98.72,True
Q2_2023,smart_3_normalized,21554786,21835156,98.72,True
Q2_2023,smart_3_raw,21554786,21835156,98.72,True
Q2_2023,smart_4_normalized,21554786,21835156,98.72,True
Q2_2023,smart_4_raw,21554786,21835156,98.72,True
Q2_2023,smart_7_normalized,21554786,21835156,98.72,True
Q2_2023,smart_7_raw,21554786,21835156,98.72,True
Q2_2023,smart_193_normalized,21520219,21835156,98.56,True
Q2_2023,smart_193_raw,21520219,21835156,98.56,True
Q2_2023,smart_197_normalized,21082920,21835156,96.55,True
Q2_2023,smart_197_raw,21082920,21835156,96.55,True
Q2_2023,smart_240_normalized,14840372,21835156,67.97,True
Q2_2023,smart_240_raw,14840372,21835156,67.97,True
Q2_2023,smart_241_normalized,11535032,21835156,52.83,True
Q2_2023,smart_241_raw,11535032,21835156,52.83,True
Q2_2023,smart_242_normalized,11535026,21835156,52.83,True
Q2_2023,smart_242_raw,11535026,21835156,52.83,True
Q2_2023,smart_196_normalized,11248905,21835156,51.52,True
Q2_2023,smart_196_raw,11248905,21835156,51.52,True
Q2_2023,smart_2_normalized,11175072,21835156,51.18,True
Q2_2023,smart_2_raw,11175072,21835156,51.18,True
Q2_2023,smart_8_normalized,11175072,21835156,51.18,True
Q2_2023,smart_8_raw,11175072,21835156,51.18,True
Q2_2023,smart_187_normalized,10421798,21835156,47.73,True
Q2_2023,smart_187_raw,10421798,21835156,47.73,True
Q2_2023,smart_188_normalized,10370345,21835156,47.49,True
Q2_2023,smart_188_raw,10370345,21835156,47.49,True
Q2_2023,smart_190_normalized,10357346,21835156,47.43,True
Q2_2023,smart_190_raw,10357346,21835156,47.43,True
Q2_2023,smart_191_normalized,8450447,21835156,38.7,True
Q2_2023,smart_191_raw,8450447,21835156,38.7,True
Q2_2023,smart_200_normalized,6573133,21835156,30.1,True
Q2_2023,smart_200_raw,6573133,21835156,30.1,True
Q2_2023,smart_18_normalized,6317664,21835156,28.93,True
Q2_2023,smart_18_raw,6317664,21835156,28.93,True
Q2_2023,smart_223_normalized,4984004,21835156,22.83,True
Q2_2023,smart_223_raw,4984004,21835156,22.83,True
Q2_2023,smart_23_normalized,4944430,21835156,22.64,True
Q2_2023,smart_23_raw,4944430,21835156,22.64,True
Q2_2023,smart_24_normalized,4944430,21835156,22.64,True
Q2_2023,smart_24_raw,4944430,21835156,22.64,True
Q2_2023,smart_22_normalized,4721388,21835156,21.62,True
Q2_2023,smart_22_raw,4721388,21835156,21.62,True
Q2_2023,smart_220_normalized,4477040,21835156,20.5,True
Q2_2023,smart_220_raw,4477040,21835156,20.5,True
Q2_2023,smart_222_normalized,4477040,21835156,20.5,True
Q2_2023,smart_222_raw,4477040,21835156,20.5,True
Q2_2023,smart_224_normalized,4477040,21835156,20.5,True
Q2_2023,smart_224_raw,4477040,21835156,20.5,True
Q2_2023,smart_226_normalized,4477040,21835156,20.5,True
Q2_2023,smart_226_raw,4477040,21835156,20.5,True
Q2_2023,smart_195_normalized,4363050,21835156,19.98,True
Q2_2023,smart_195_raw,4363050,21835156,19.98,True
Q2_2023,smart_184_normalized,3994353,21835156,18.29,True
Q2_2023,smart_184_raw,3994353,21835156,18.29,True
Q2_2023,smart_189_normalized,3929806,21835156,18.0,True
Q2_2023,smart_189_raw,3929806,21835156,18.0,True
Q2_2023,smart_183_normalized,1744306,21835156,7.99,True
Q2_2023,smart_183_raw,1744306,21835156,7.99,True
Q2_2023,smart_173_normalized,232531,21835156,1.06,True
Q2_2023,smart_173_raw,232531,21835156,1.06,True
Q2_2023,smart_174_normalized,232531,21835156,1.06,True
Q2_2023,smart_174_raw,232531,21835156,1.06,True
Q2_2023,smart_233_normalized,188904,21835156,0.87,True
Q2_2023,smart_233_raw,188904,21835156,0.87,True
Q2_2023,smart_168_normalized,180977,21835156,0.83,True
Q2_2023,smart_168_raw,180977,21835156,0.83,True
Q2_2023,smart_170_normalized,181066,21835156,0.83,True
Q2_2023,smart_170_raw,181066,21835156,0.83,True
Q2_2023,smart_232_normalized,180977,21835156,0.83,True
Q2_2023,smart_232_raw,180977,21835156,0.83,True
Q2_2023,smart_16_normalized,167984,21835156,0.77,True
Q2_2023,smart_16_raw,167984,21835156,0.77,True
Q2_2023,smart_177_normalized,167984,21835156,0.77,True
Q2_2023,smart_177_raw,167984,21835156,0.77,True
Q2_2023,smart_17_normalized,167984,21835156,0.77,True
Q2_2023,smart_17_raw,167984,21835156,0.77,True
Q2_2023,smart_218_normalized,167984,21835156,0.77,True
Q2_2023,smart_218_raw,167984,21835156,0.77,True
Q2_2023,smart_231_normalized,167984,21835156,0.77,True
Q2_2023,smart_231_raw,167984,21835156,0.77,True
Q2_2023,smart_235_normalized,168079,21835156,0.77,True
Q2_2023,smart_235_raw,168079,21835156,0.77,True
Q2_2023,smart_171_normalized,64541,21835156,0.3,True
Q2_2023,smart_171_raw,64541,21835156,0.3,True
Q2_2023,smart_172_normalized,64541,21835156,0.3,True
Q2_2023,smart_172_raw,64541,21835156,0.3,True
Q2_2023,smart_180_normalized,59386,21835156,0.27,True
Q2_2023,smart_180_raw,59386,21835156,0.27,True
Q2_2023,smart_202_normalized,59386,21835156,0.27,True
Q2_2023,smart_202_raw,59386,21835156,0.27,True
Q2_2023,smart_11_normalized,56935,21835156,0.26,True
Q2_2023,smart_11_raw,56935,21835156,0.26,True
Q2_2023,smart_206_normalized,51465,21835156,0.24,True
Q2_2023,smart_206_raw,51465,21835156,0.24,True
Q2_2023,smart_210_normalized,51465,21835156,0.24,True
Q2_2023,smart_210_raw,51465,21835156,0.24,True
Q2_2023,smart_234_normalized,53399,21835156,0.24,True
Q2_2023,smart_234_raw,53399,21835156,0.24,True
Q2_2023,smart_246_normalized,51459,21835156,0.24,True
Q2_2023,smart_246_raw,51459,21835156,0.24,True
Q2_2023,smart_247_normalized,51465,21835156,0.24,True
Q2_2023,smart_247_raw,51465,21835156,0.24,True
Q2_2023,smart_248_normalized,51465,21835156,0.24,True
Q2_2023,smart_248_raw,51465,21835156,0.24,True
Q2_2023,smart_225_normalized,34567,21835156,0.16,True
Q2_2023,smart_225_raw,34567,21835156,0.16,True
Q2_2023,smart_254_normalized,22008,21835156,0.1,True
Q2_2023,smart_254_raw,22008,21835156,0.1,True
Q2_2023,smart_165_normalized,12993,21835156,0.06,True
Q2_2023,smart_165_raw,12993,21835156,0.06,True
Q2_2023,smart_166_normalized,12993,21835156,0.06,True
Q2_2023,smart_166_raw,12993,21835156,0.06,True
Q2_2023,smart_167_normalized,12993,21835156,0.06,True
Q2_2023,smart_167_raw,12993,21835156,0.06,True
Q2_2023,smart_169_normalized,12993,21835156,0.06,True
Q2_2023,smart_169_raw,12993,21835156,0.06,True
Q2_2023,smart_230_normalized,12993,21835156,0.06,True
Q2_2023,smart_230_raw,12993,21835156,0.06,True
Q2_2023,smart_244_normalized,12993,21835156,0.06,True
Q2_2023,smart_244_raw,12993,21835156,0.06,True
Q2_2023,smart_13_normalized,7927,21835156,0.04,True
Q2_2023,smart_13_raw,7927,21835156,0.04,True
Q2_2023,smart_179_normalized,7927,21835156,0.04,True
Q2_2023,smart_179_raw,7927,21835156,0.04,True
Q2_2023,smart_181_normalized,7927,21835156,0.04,True
Q2_2023,smart_181_raw,7927,21835156,0.04,True
Q2_2023,smart_182_normalized,7927,21835156,0.04,True
Q2_2023,smart_182_raw,7927,21835156,0.04,True
Q2_2023,smart_201_normalized,7927,21835156,0.04,True
Q2_2023,smart_201_raw,7927,21835156,0.04,True
Q2_2023,smart_245_normalized,7927,21835156,0.04,True
Q2_2023,smart_245_raw,7927,21835156,0.04,True
Q2_2023,smart_15_normalized,0,21835156,0.0,True
Q2_2023,smart_15_raw,0,21835156,0.0,True
Q2_2023,smart_160_normalized,0,21835156,0.0,True
Q2_2023,smart_160_raw,0,21835156,0.0,True
Q2_2023,smart_161_normalized,0,21835156,0.0,True
Q2_2023,smart_161_raw,0,21835156,0.0,True
Q2_2023,smart_163_normalized,0,21835156,0.0,True
Q2_2023,smart_163_raw,0,21835156,0.0,True
Q2_2023,smart_164_normalized,0,21835156,0.0,True
Q2_2023,smart_164_raw,0,21835156,0.0,True
Q2_2023,smart_175_normalized,95,21835156,0.0,True
Q2_2023,smart_175_raw,95,21835156,0.0,True
Q2_2023,smart_176_normalized,0,21835156,0.0,True
Q2_2023,smart_176_raw,0,21835156,0.0,True
Q2_2023,smart_178_normalized,0,21835156,0.0,True
Q2_2023,smart_178_raw,0,21835156,0.0,True
Q2_2023,smart_250_normalized,0,21835156,0.0,True
Q2_2023,smart_250_raw,0,21835156,0.0,True
Q2_2023,smart_251_normalized,0,21835156,0.0,True
Q2_2023,smart_251_raw,0,21835156,0.0,True
Q2_2023,smart_252_normalized,0,21835156,0.0,True
Q2_2023,smart_252_raw,0,21835156,0.0,True
Q2_2023,smart_255_normalized,0,21835156,0.0,True
Q2_2023,smart_255_raw,0,21835156,0.0,True
Q2_2023,smart_71_normalized,328,21835156,0.0,True
Q2_2023,smart_71_raw,328,21835156,0.0,True
Q2_2023,smart_90_normalized,328,21835156,0.0,True
Q2_2023,smart_90_raw,328,21835156,0.0,True
Q2_2024,capacity_bytes,26022269,26022269,100.0,False
Q2_2024,cluster_id,26022269,26022269,100.0,False
Q2_2024,date,26022269,26022269,100.0,False
Q2_2024,failure,26022269,26022269,100.0,False
Q2_2024,is_legacy_format,26022269,26022269,100.0,False
Q2_2024,model,26022269,26022269,100.0,False
Q2_2024,pod_id,26022269,26022269,100.0,False
Q2_2024,serial_number,26022269,26022269,100.0,False
Q2_2024,vault_id,26022269,26022269,100.0,False
Q2_2024,pod_slot_num,25634334,26022269,98.51,False
Q2_2024,datacenter,24737315,26022269,95.06,False
Q2_2024,smart_12_normalized,25979452,26022269,99.84,True
Q2_2024,smart_12_raw,25979452,26022269,99.84,True
Q2_2024,smart_194_normalized,25979452,26022269,99.84,True
Q2_2024,smart_194_raw,25979452,26022269,99.84,True
Q2_2024,smart_9_normalized,25979452,26022269,99.84,True
Q2_2024,smart_9_raw,25979452,26022269,99.84,True
Q2_2024,smart_1_normalized,25954097,26022269,99.74,True
Q2_2024,smart_1_raw,25954097,26022269,99.74,True
Q2_2024,smart_192_normalized,25884514,26022269,99.47,True
Q2_2024,smart_192_raw,25884514,26022269,99.47,True
Q2_2024,smart_199_normalized,25809441,26022269,99.18,True
Q2_2024,smart_199_raw,25809441,26022269,99.18,True
Q2_2024,smart_5_normalized,25809441,26022269,99.18,True
Q2_2024,smart_5_raw,25809441,26022269,99.18,True
Q2_2024,smart_198_normalized,25784086,26022269,99.08,True
Q2_2024,smart_198_raw,25784086,26022269,99.08,True
Q2_2024,smart_10_normalized,25714503,26022269,98.82,True
Q2_2024,smart_10_raw,25714503,26022269,98.82,True
Q2_2024,smart_3_normalized,25714503,26022269,98.82,True
Q2_2024,smart_3_raw,25714503,26022269,98.82,True
Q2_2024,smart_4_normalized,25714503,26022269,98.82,True
Q2_2024,smart_4_raw,25714503,26022269,98.82,True
Q2_2024,smart_7_normalized,25714503,26022269,98.82,True
Q2_2024,smart_7_raw,25714503,26022269,98.82,True
Q2_2024,smart_193_normalized,25698421,26022269,98.76,True
Q2_2024,smart_193_raw,25698421,26022269,98.76,True
Q2_2024,smart_197_normalized,25248194,26022269,97.03,True
Q2_2024,smart_197_raw,25248194,26022269,97.03,True
Q2_2024,smart_240_normalized,17352750,26022269,66.68,True
Q2_2024,smart_240_raw,17352750,26022269,66.68,True
Q2_2024,smart_196_normalized,15974755,26022269,61.39,True
Q2_2024,smart_196_raw,15974755,26022269,61.39,True
Q2_2024,smart_2_normalized,15900916,26022269,61.11,True
Q2_2024,smart_2_raw,15900916,26022269,61.11,True
Q2_2024,smart_8_normalized,15900916,26022269,61.11,True
Q2_2024,smart_8_raw,15900916,26022269,61.11,True
Q2_2024,smart_241_normalized,11034691,26022269,42.4,True
Q2_2024,smart_241_raw,11034691,26022269,42.4,True
Q2_2024,smart_242_normalized,11034691,26022269,42.4,True
Q2_2024,smart_242_raw,11034691,26022269,42.4,True
Q2_2024,smart_191_normalized,10090239,26022269,38.78,True
Q2_2024,smart_191_raw,10090239,26022269,38.78,True
Q2_2024,smart_187_normalized,9888115,26022269,38.0,True
Q2_2024,smart_187_raw,9888115,26022269,38.0,True
Q2_2024,smart_188_normalized,9832059,26022269,37.78,True
Q2_2024,smart_188_raw,9832059,26022269,37.78,True
Q2_2024,smart_190_normalized,9801254,26022269,37.66,True
Q2_2024,smart_190_raw,9801254,26022269,37.66,True
Q2_2024,smart_223_normalized,8065276,26022269,30.99,True
Q2_2024,smart_223_raw,8065276,26022269,30.99,True
Q2_2024,smart_23_normalized,8037821,26022269,30.89,True
Q2_2024,smart_23_raw,8037821,26022269,30.89,True
Q2_2024,smart_24_normalized,8037821,26022269,30.89,True
Q2_2024,smart_24_raw,8037821,26022269,30.89,True
Q2_2024,smart_220_normalized,7548558,26022269,29.01,True
Q2_2024,smart_220_raw,7548558,26022269,29.01,True
Q2_2024,smart_222_normalized,7548558,26022269,29.01,True
Q2_2024,smart_222_raw,7548558,26022269,29.01,True
Q2_2024,smart_224_normalized,7548376,26022269,29.01,True
Q2_2024,smart_224_raw,7548376,26022269,29.01,True
Q2_2024,smart_226_normalized,7548558,26022269,29.01,True
Q2_2024,smart_226_raw,7548558,26022269,29.01,True
Q2_2024,smart_200_normalized,7385350,26022269,28.38,True
Q2_2024,smart_200_raw,7385350,26022269,28.38,True
Q2_2024,smart_18_normalized,7178015,26022269,27.58,True
Q2_2024,smart_18_raw,7178015,26022269,27.58,True
Q2_2024,smart_22_normalized,6822186,26022269,26.22,True
Q2_2024,smart_22_raw,6822186,26022269,26.22,True
Q2_2024,smart_195_normalized,4245398,26022269,16.31,True
Q2_2024,smart_195_raw,4245398,26022269,16.31,True
Q2_2024,smart_184_normalized,2613551,26022269,10.04,True
Q2_2024,smart_184_raw,2613551,26022269,10.04,True
Q2_2024,smart_189_normalized,2521220,26022269,9.69,True
Q2_2024,smart_189_raw,2521220,26022269,9.69,True
Q2_2024,smart_71_normalized,876837,26022269,3.37,True
Q2_2024,smart_71_raw,876837,26022269,3.37,True
Q2_2024,smart_90_normalized,876837,26022269,3.37,True
Q2_2024,smart_90_raw,876837,26022269,3.37,True
Q2_2024,smart_183_normalized,370683,26022269,1.42,True
Q2_2024,smart_183_raw,370683,26022269,1.42,True
Q2_2024,smart_173_normalized,256963,26022269,0.99,True
Q2_2024,smart_173_raw,256963,26022269,0.99,True
Q2_2024,smart_174_normalized,256963,26022269,0.99,True
Q2_2024,smart_174_raw,256963,26022269,0.99,True
Q2_2024,smart_233_normalized,203443,26022269,0.78,True
Q2_2024,smart_233_raw,203443,26022269,0.78,True
Q2_2024,smart_168_normalized,195366,26022269,0.75,True
Q2_2024,smart_168_raw,195366,26022269,0.75,True
Q2_2024,smart_170_normalized,195528,26022269,0.75,True
Q2_2024,smart_170_raw,195528,26022269,0.75,True
Q2_2024,smart_232_normalized,195366,26022269,0.75,True
Q2_2024,smart_232_raw,195366,26022269,0.75,True
Q2_2024,smart_16_normalized,170011,26022269,0.65,True
Q2_2024,smart_16_raw,170011,26022269,0.65,True
Q2_2024,smart_177_normalized,170011,26022269,0.65,True
Q2_2024,smart_177_raw,170011,26022269,0.65,True
Q2_2024,smart_17_normalized,170011,26022269,0.65,True
Q2_2024,smart_17_raw,170011,26022269,0.65,True
Q2_2024,smart_218_normalized,170011,26022269,0.65,True
Q2_2024,smart_218_raw,170011,26022269,0.65,True
Q2_2024,smart_231_normalized,170011,26022269,0.65,True
Q2_2024,smart_231_raw,170011,26022269,0.65,True
Q2_2024,smart_235_normalized,170102,26022269,0.65,True
Q2_2024,smart_235_raw,170102,26022269,0.65,True
Q2_2024,smart_171_normalized,86952,26022269,0.33,True
Q2_2024,smart_171_raw,86952,26022269,0.33,True
Q2_2024,smart_172_normalized,86952,26022269,0.33,True
Q2_2024,smart_172_raw,86952,26022269,0.33,True
Q2_2024,smart_234_normalized,72357,26022269,0.28,True
Q2_2024,smart_234_raw,72357,26022269,0.28,True
Q2_2024,smart_180_normalized,69583,26022269,0.27,True
Q2_2024,smart_180_raw,69583,26022269,0.27,True
Q2_2024,smart_202_normalized,69583,26022269,0.27,True
Q2_2024,smart_202_raw,69583,26022269,0.27,True
Q2_2024,smart_206_normalized,61506,26022269,0.24,True
Q2_2024,smart_206_raw,61506,26022269,0.24,True
Q2_2024,smart_210_normalized,61506,26022269,0.24,True
Q2_2024,smart_210_raw,61506,26022269,0.24,True
Q2_2024,smart_246_normalized,61506,26022269,0.24,True
Q2_2024,smart_246_raw,61506,26022269,0.24,True
Q2_2024,smart_247_normalized,61506,26022269,0.24,True
Q2_2024,smart_247_raw,61506,26022269,0.24,True
Q2_2024,smart_248_normalized,61506,26022269,0.24,True
Q2_2024,smart_248_raw,61506,26022269,0.24,True
Q2_2024,smart_11_normalized,28415,26022269,0.11,True
Q2_2024,smart_11_raw,28415,26022269,0.11,True
Q2_2024,smart_165_normalized,25355,26022269,0.1,True
Q2_2024,smart_165_raw,25355,26022269,0.1,True
Q2_2024,smart_166_normalized,25355,26022269,0.1,True
Q2_2024,smart_166_raw,25355,26022269,0.1,True
Q2_2024,smart_167_normalized,25355,26022269,0.1,True
Q2_2024,smart_167_raw,25355,26022269,0.1,True
Q2_2024,smart_169_normalized,25355,26022269,0.1,True
Q2_2024,smart_169_raw,25355,26022269,0.1,True
Q2_2024,smart_230_normalized,25355,26022269,0.1,True
Q2_2024,smart_230_raw,25355,26022269,0.1,True
Q2_2024,smart_244_normalized,25355,26022269,0.1,True
Q2_2024,smart_244_raw,25355,26022269,0.1,True
Q2_2024,smart_254_normalized,20372,26022269,0.08,True
Q2_2024,smart_254_raw,20372,26022269,0.08,True
Q2_2024,smart_225_normalized,16082,26022269,0.06,True
Q2_2024,smart_225_raw,16082,26022269,0.06,True
Q2_2024,smart_13_normalized,8077,26022269,0.03,True
Q2_2024,smart_13_raw,8077,26022269,0.03,True
Q2_2024,smart_179_normalized,8077,26022269,0.03,True
Q2_2024,smart_179_raw,8077,26022269,0.03,True
Q2_2024,smart_181_normalized,8077,26022269,0.03,True
Q2_2024,smart_181_raw,8077,26022269,0.03,True
Q2_2024,smart_182_normalized,8077,26022269,0.03,True
Q2_2024,smart_182_raw,8077,26022269,0.03,True
Q2_2024,smart_201_normalized,8077,26022269,0.03,True
Q2_2024,smart_201_raw,8077,26022269,0.03,True
Q2_2024,smart_245_normalized,8077,26022269,0.03,True
Q2_2024,smart_245_raw,8077,26022269,0.03,True
Q2_2024,smart_15_normalized,0,26022269,0.0,True
Q2_2024,smart_15_raw,0,26022269,0.0,True
Q2_2024,smart_160_normalized,0,26022269,0.0,True
Q2_2024,smart_160_raw,0,26022269,0.0,True
Q2_2024,smart_161_normalized,0,26022269,0.0,True
Q2_2024,smart_161_raw,0,26022269,0.0,True
Q2_2024,smart_163_normalized,0,26022269,0.0,True
Q2_2024,smart_163_raw,0,26022269,0.0,True
Q2_2024,smart_164_normalized,0,26022269,0.0,True
Q2_2024,smart_164_raw,0,26022269,0.0,True
Q2_2024,smart_175_normalized,91,26022269,0.0,True
Q2_2024,smart_175_raw,91,26022269,0.0,True
Q2_2024,smart_176_normalized,0,26022269,0.0,True
Q2_2024,smart_176_raw,0,26022269,0.0,True
Q2_2024,smart_178_normalized,0,26022269,0.0,True
Q2_2024,smart_178_raw,0,26022269,0.0,True
Q2_2024,smart_211_normalized,71,26022269,0.0,True
Q2_2024,smart_211_raw,71,26022269,0.0,True
Q2_2024,smart_212_normalized,71,26022269,0.0,True
Q2_2024,smart_212_raw,71,26022269,0.0,True
Q2_2024,smart_250_normalized,0,26022269,0.0,True
Q2_2024,smart_250_raw,0,26022269,0.0,True
Q2_2024,smart_251_normalized,0,26022269,0.0,True
Q2_2024,smart_251_raw,0,26022269,0.0,True
Q2_2024,smart_252_normalized,0,26022269,0.0,True
Q2_2024,smart_252_raw,0,26022269,0.0,True
Q2_2024,smart_255_normalized,0,26022269,0.0,True
Q2_2024,smart_255_raw,0,26022269,0.0,True
Q2_2024,smart_27_normalized,182,26022269,0.0,True
Q2_2024,smart_27_raw,182,26022269,0.0,True
Q2_2024,smart_82_normalized,546,26022269,0.0,True
Q2_2024,smart_82_raw,546,26022269,0.0,True
Q2_2025,capacity_bytes,28808042,28808042,100.0,False
Q2_2025,cluster_id,28808042,28808042,100.0,False
Q2_2025,datacenter,28808042,28808042,100.0,False
Q2_2025,date,28808042,28808042,100.0,False
Q2_2025,failure,28808042,28808042,100.0,False
Q2_2025,is_legacy_format,28808042,28808042,100.0,False
Q2_2025,model,28808042,28808042,100.0,False
Q2_2025,pod_id,28808042,28808042,100.0,False
Q2_2025,serial_number,28808042,28808042,100.0,False
Q2_2025,vault_id,28808042,28808042,100.0,False
Q2_2025,pod_slot_num,28427274,28808042,98.68,False
Q2_2025,smart_12_normalized,28768797,28808042,99.86,True
Q2_2025,smart_12_raw,28768797,28808042,99.86,True
Q2_2025,smart_194_normalized,28768309,28808042,99.86,True
Q2_2025,smart_194_raw,28768309,28808042,99.86,True
Q2_2025,smart_9_normalized,28768797,28808042,99.86,True
Q2_2025,smart_9_raw,28768797,28808042,99.86,True
Q2_2025,smart_1_normalized,28740342,28808042,99.76,True
Q2_2025,smart_1_raw,28740342,28808042,99.76,True
Q2_2025,smart_192_normalized,28668167,28808042,99.51,True
Q2_2025,smart_192_raw,28668167,28808042,99.51,True
Q2_2025,smart_199_normalized,28603302,28808042,99.29,True
Q2_2025,smart_199_raw,28603302,28808042,99.29,True
Q2_2025,smart_5_normalized,28603302,28808042,99.29,True
Q2_2025,smart_5_raw,28603302,28808042,99.29,True
Q2_2025,smart_198_normalized,28574847,28808042,99.19,True
Q2_2025,smart_198_raw,28574847,28808042,99.19,True
Q2_2025,smart_10_normalized,28502672,28808042,98.94,True
Q2_2025,smart_10_raw,28502672,28808042,98.94,True
Q2_2025,smart_3_normalized,28502672,28808042,98.94,True
Q2_2025,smart_3_raw,28502672,28808042,98.94,True
Q2_2025,smart_4_normalized,28502672,28808042,98.94,True
Q2_2025,smart_4_raw,28502672,28808042,98.94,True
Q2_2025,smart_7_normalized,28502672,28808042,98.94,True
Q2_2025,smart_7_raw,28502672,28808042,98.94,True
Q2_2025,smart_193_normalized,28495914,28808042,98.92,True
Q2_2025,smart_193_raw,28495914,28808042,98.92,True
Q2_2025,smart_197_normalized,28020933,28808042,97.27,True
Q2_2025,smart_197_raw,28020933,28808042,97.27,True
Q2_2025,smart_240_normalized,18771341,28808042,65.16,True
Q2_2025,smart_240_raw,18771341,28808042,65.16,True
Q2_2025,smart_196_normalized,18626454,28808042,64.66,True
Q2_2025,smart_196_raw,18626454,28808042,64.66,True
Q2_2025,smart_2_normalized,18553856,28808042,64.41,True
Q2_2025,smart_2_raw,18553856,28808042,64.41,True
Q2_2025,smart_8_normalized,18553856,28808042,64.41,True
Q2_2025,smart_8_raw,18553856,28808042,64.41,True
Q2_2025,smart_241_normalized,12435526,28808042,43.17,True
Q2_2025,smart_241_raw,12435526,28808042,43.17,True
Q2_2025,smart_242_normalized,12435038,28808042,43.17,True
Q2_2025,smart_242_raw,12435038,28808042,43.17,True
Q2_2025,smart_191_normalized,10986499,28808042,38.14,True
Q2_2025,smart_191_raw,10986499,28808042,38.14,True
Q2_2025,smart_187_normalized,10032719,28808042,34.83,True
Q2_2025,smart_187_raw,10032719,28808042,34.83,True
Q2_2025,smart_188_normalized,9979242,28808042,34.64,True
Q2_2025,smart_188_raw,9979242,28808042,34.64,True
Q2_2025,smart_190_normalized,9940729,28808042,34.51,True
Q2_2025,smart_190_raw,9940729,28808042,34.51,True
Q2_2025,smart_23_normalized,9348221,28808042,32.45,True
Q2_2025,smart_23_raw,9348221,28808042,32.45,True
Q2_2025,smart_24_normalized,9348221,28808042,32.45,True
Q2_2025,smart_24_raw,9348221,28808042,32.45,True
Q2_2025,smart_22_normalized,9151805,28808042,31.77,True
Q2_2025,smart_22_raw,9151805,28808042,31.77,True
Q2_2025,smart_220_normalized,8829737,28808042,30.65,True
Q2_2025,smart_220_raw,8829737,28808042,30.65,True
Q2_2025,smart_222_normalized,8829737,28808042,30.65,True
Q2_2025,smart_222_raw,8829737,28808042,30.65,True
Q2_2025,smart_226_normalized,8829737,28808042,30.65,True
Q2_2025,smart_226_raw,8829737,28808042,30.65,True
Q2_2025,smart_223_normalized,8138383,28808042,28.25,True
Q2_2025,smart_223_raw,8138383,28808042,28.25,True
Q2_2025,smart_200_normalized,7878281,28808042,27.35,True
Q2_2025,smart_200_raw,7878281,28808042,27.35,True
Q2_2025,smart_18_normalized,7700551,28808042,26.73,True
Q2_2025,smart_18_raw,7700551,28808042,26.73,True
Q2_2025,smart_224_normalized,7626053,28808042,26.47,True
Q2_2025,smart_224_raw,7626053,28808042,26.47,True
Q2_2025,smart_195_normalized,4100821,28808042,14.23,True
Q2_2025,smart_195_raw,4100821,28808042,14.23,True
Q2_2025,smart_71_normalized,3241771,28808042,11.25,True
Q2_2025,smart_71_raw,3241771,28808042,11.25,True
Q2_2025,smart_90_normalized,3241771,28808042,11.25,True
Q2_2025,smart_90_raw,3241771,28808042,11.25,True
Q2_2025,smart_184_normalized,2250185,28808042,7.81,True
Q2_2025,smart_184_raw,2250185,28808042,7.81,True
Q2_2025,smart_189_normalized,2147252,28808042,7.45,True
Q2_2025,smart_189_raw,2147252,28808042,7.45,True
Q2_2025,smart_27_normalized,1216384,28808042,4.22,True
Q2_2025,smart_27_raw,1216384,28808042,4.22,True
Q2_2025,smart_173_normalized,257667,28808042,0.89,True
Q2_2025,smart_173_raw,257667,28808042,0.89,True
Q2_2025,smart_174_normalized,257667,28808042,0.89,True
Q2_2025,smart_174_raw,257667,28808042,0.89,True
Q2_2025,smart_233_normalized,201614,28808042,0.7,True
Q2_2025,smart_233_raw,201614,28808042,0.7,True
Q2_2025,smart_168_normalized,193462,28808042,0.67,True
Q2_2025,smart_168_raw,193462,28808042,0.67,True
Q2_2025,smart_170_normalized,193917,28808042,0.67,True
Q2_2025,smart_170_raw,193917,28808042,0.67,True
Q2_2025,smart_232_normalized,193462,28808042,0.67,True
Q2_2025,smart_232_raw,193462,28808042,0.67,True
Q2_2025,smart_177_normalized,165983,28808042,0.58,True
Q2_2025,smart_177_raw,165983,28808042,0.58,True
Q2_2025,smart_235_normalized,166165,28808042,0.58,True
Q2_2025,smart_235_raw,166165,28808042,0.58,True
Q2_2025,smart_16_normalized,165495,28808042,0.57,True
Q2_2025,smart_16_raw,165495,28808042,0.57,True
Q2_2025,smart_17_normalized,165495,28808042,0.57,True
Q2_2025,smart_17_raw,165495,28808042,0.57,True
Q2_2025,smart_218_normalized,165495,28808042,0.57,True
Q2_2025,smart_218_raw,165495,28808042,0.57,True
Q2_2025,smart_231_normalized,165495,28808042,0.57,True
Q2_2025,smart_231_raw,165495,28808042,0.57,True
Q2_2025,smart_171_normalized,92081,28808042,0.32,True
Q2_2025,smart_171_raw,92081,28808042,0.32,True
Q2_2025,smart_172_normalized,92081,28808042,0.32,True
Q2_2025,smart_172_raw,92081,28808042,0.32,True
Q2_2025,smart_234_normalized,76404,28808042,0.27,True
Q2_2025,smart_234_raw,76404,28808042,0.27,True
Q2_2025,smart_180_normalized,72175,28808042,0.25,True
Q2_2025,smart_180_raw,72175,28808042,0.25,True
Q2_2025,smart_202_normalized,72175,28808042,0.25,True
Q2_2025,smart_202_raw,72175,28808042,0.25,True
Q2_2025,smart_183_normalized,64511,28808042,0.22,True
Q2_2025,smart_183_raw,64511,28808042,0.22,True
Q2_2025,smart_206_normalized,64023,28808042,0.22,True
Q2_2025,smart_206_raw,64023,28808042,0.22,True
Q2_2025,smart_210_normalized,64023,28808042,0.22,True
Q2_2025,smart_210_raw,64023,28808042,0.22,True
Q2_2025,smart_246_normalized,64023,28808042,0.22,True
Q2_2025,smart_246_raw,64023,28808042,0.22,True
Q2_2025,smart_247_normalized,64023,28808042,0.22,True
Q2_2025,smart_247_raw,64023,28808042,0.22,True
Q2_2025,smart_248_normalized,64023,28808042,0.22,True
Q2_2025,smart_248_raw,64023,28808042,0.22,True
Q2_2025,smart_165_normalized,27967,28808042,0.1,True
Q2_2025,smart_165_raw,27967,28808042,0.1,True
Q2_2025,smart_166_normalized,27967,28808042,0.1,True
Q2_2025,smart_166_raw,27967,28808042,0.1,True
Q2_2025,smart_167_normalized,27967,28808042,0.1,True
Q2_2025,smart_167_raw,27967,28808042,0.1,True
Q2_2025,smart_169_normalized,27967,28808042,0.1,True
Q2_2025,smart_169_raw,27967,28808042,0.1,True
Q2_2025,smart_230_normalized,27967,28808042,0.1,True
Q2_2025,smart_230_raw,27967,28808042,0.1,True
Q2_2025,smart_244_normalized,27967,28808042,0.1,True
Q2_2025,smart_244_raw,27967,28808042,0.1,True
Q2_2025,smart_254_normalized,18596,28808042,0.06,True
Q2_2025,smart_254_raw,18596,28808042,0.06,True
Q2_2025,smart_11_normalized,15333,28808042,0.05,True
Q2_2025,smart_11_raw,15333,28808042,0.05,True
Q2_2025,smart_13_normalized,8152,28808042,0.03,True
Q2_2025,smart_13_raw,8152,28808042,0.03,True
Q2_2025,smart_179_normalized,8640,28808042,0.03,True
Q2_2025,smart_179_raw,8640,28808042,0.03,True
Q2_2025,smart_181_normalized,8640,28808042,0.03,True
Q2_2025,smart_181_raw,8640,28808042,0.03,True
Q2_2025,smart_182_normalized,8640,28808042,0.03,True
Q2_2025,smart_182_raw,8640,28808042,0.03,True
Q2_2025,smart_201_normalized,8152,28808042,0.03,True
Q2_2025,smart_201_raw,8152,28808042,0.03,True
Q2_2025,smart_245_normalized,8152,28808042,0.03,True
Q2_2025,smart_245_raw,8152,28808042,0.03,True
Q2_2025,smart_225_normalized,6758,28808042,0.02,True
Q2_2025,smart_225_raw,6758,28808042,0.02,True
Q2_2025,smart_15_normalized,0,28808042,0.0,True
Q2_2025,smart_15_raw,0,28808042,0.0,True
Q2_2025,smart_160_normalized,0,28808042,0.0,True
Q2_2025,smart_160_raw,0,28808042,0.0,True
Q2_2025,smart_161_normalized,0,28808042,0.0,True
Q2_2025,smart_161_raw,0,28808042,0.0,True
Q2_2025,smart_163_normalized,0,28808042,0.0,True
Q2_2025,smart_163_raw,0,28808042,0.0,True
Q2_2025,smart_164_normalized,0,28808042,0.0,True
Q2_2025,smart_164_raw,0,28808042,0.0,True
Q2_2025,smart_175_normalized,182,28808042,0.0,True
Q2_2025,smart_175_raw,182,28808042,0.0,True
Q2_2025,smart_176_normalized,0,28808042,0.0,True
Q2_2025,smart_176_raw,0,28808042,0.0,True
Q2_2025,smart_178_normalized,0,28808042,0.0,True
Q2_2025,smart_178_raw,0,28808042,0.0,True
Q2_2025,smart_211_normalized,273,28808042,0.0,True
Q2_2025,smart_211_raw,273,28808042,0.0,True
Q2_2025,smart_212_normalized,273,28808042,0.0,True
Q2_2025,smart_212_raw,273,28808042,0.0,True
Q2_2025,smart_250_normalized,0,28808042,0.0,True
Q2_2025,smart_250_raw,0,28808042,0.0,True
Q2_2025,smart_251_normalized,0,28808042,0.0,True
Q2_2025,smart_251_raw,0,28808042,0.0,True
Q2_2025,smart_252_normalized,72,28808042,0.0,True
Q2_2025,smart_252_raw,72,28808042,0.0,True
Q2_2025,smart_255_normalized,0,28808042,0.0,True
Q2_2025,smart_255_raw,0,28808042,0.0,True
Q2_2025,smart_82_normalized,453,28808042,0.0,True
Q2_2025,smart_82_raw,453,28808042,0.0,True
Q3_2023,capacity_bytes,23601986,23601986,100.0,False
Q3_2023,cluster_id,23601986,23601986,100.0,False
Q3_2023,date,23601986,23601986,100.0,False
Q3_2023,failure,23601986,23601986,100.0,False
Q3_2023,is_legacy_format,23601986,23601986,100.0,False
Q3_2023,model,23601986,23601986,100.0,False
Q3_2023,pod_id,23601986,23601986,100.0,False
Q3_2023,serial_number,23601986,23601986,100.0,False
Q3_2023,vault_id,23601986,23601986,100.0,False
Q3_2023,pod_slot_num,23187667,23601986,98.24,False
Q3_2023,datacenter,23050428,23601986,97.66,False
Q3_2023,smart_12_normalized,23556212,23601986,99.81,True
Q3_2023,smart_12_raw,23556212,23601986,99.81,True
Q3_2023,smart_194_normalized,23556212,23601986,99.81,True
Q3_2023,smart_194_raw,23556212,23601986,99.81,True
Q3_2023,smart_9_normalized,23556212,23601986,99.81,True
Q3_2023,smart_9_raw,23556212,23601986,99.81,True
Q3_2023,smart_1_normalized,23538380,23601986,99.73,True
Q3_2023,smart_1_raw,23538380,23601986,99.73,True
Q3_2023,smart_192_normalized,23475678,23601986,99.46,True
Q3_2023,smart_192_raw,23475678,23601986,99.46,True
Q3_2023,smart_199_normalized,23381993,23601986,99.07,True
Q3_2023,smart_199_raw,23381993,23601986,99.07,True
Q3_2023,smart_5_normalized,23381993,23601986,99.07,True
Q3_2023,smart_5_raw,23381993,23601986,99.07,True
Q3_2023,smart_198_normalized,23364158,23601986,98.99,True
Q3_2023,smart_198_raw,23364158,23601986,98.99,True
Q3_2023,smart_10_normalized,23301459,23601986,98.73,True
Q3_2023,smart_10_raw,23301459,23601986,98.73,True
Q3_2023,smart_3_normalized,23301459,23601986,98.73,True
Q3_2023,smart_3_raw,23301459,23601986,98.73,True
Q3_2023,smart_4_normalized,23301459,23601986,98.73,True
Q3_2023,smart_4_raw,23301459,23601986,98.73,True
Q3_2023,smart_7_normalized,23301459,23601986,98.73,True
Q3_2023,smart_7_raw,23301459,23601986,98.73,True
Q3_2023,smart_193_normalized,23267135,23601986,98.58,True
Q3_2023,smart_193_raw,23267135,23601986,98.58,True
Q3_2023,smart_197_normalized,22817410,23601986,96.68,True
Q3_2023,smart_197_raw,22817410,23601986,96.68,True
Q3_2023,smart_240_normalized,16371306,23601986,69.36,True
Q3_2023,smart_240_raw,16371306,23601986,69.36,True
Q3_2023,smart_196_normalized,12584155,23601986,53.32,True
Q3_2023,smart_196_raw,12584155,23601986,53.32,True
Q3_2023,smart_2_normalized,12507135,23601986,52.99,True
Q3_2023,smart_2_raw,12507135,23601986,52.99,True
Q3_2023,smart_8_normalized,12507135,23601986,52.99,True
Q3_2023,smart_8_raw,12507135,23601986,52.99,True
Q3_2023,smart_241_normalized,11986813,23601986,50.79,True
Q3_2023,smart_241_raw,11986813,23601986,50.79,True
Q3_2023,smart_242_normalized,11986813,23601986,50.79,True
Q3_2023,smart_242_raw,11986813,23601986,50.79,True
Q3_2023,smart_187_normalized,10844251,23601986,45.95,True
Q3_2023,smart_187_raw,10844251,23601986,45.95,True
Q3_2023,smart_188_normalized,10790615,23601986,45.72,True
Q3_2023,smart_188_raw,10790615,23601986,45.72,True
Q3_2023,smart_190_normalized,10771860,23601986,45.64,True
Q3_2023,smart_190_raw,10771860,23601986,45.64,True
Q3_2023,smart_191_normalized,9612904,23601986,40.73,True
Q3_2023,smart_191_raw,9612904,23601986,40.73,True
Q3_2023,smart_200_normalized,6940236,23601986,29.41,True
Q3_2023,smart_200_raw,6940236,23601986,29.41,True
Q3_2023,smart_18_normalized,6685049,23601986,28.32,True
Q3_2023,smart_18_raw,6685049,23601986,28.32,True
Q3_2023,smart_223_normalized,6110047,23601986,25.89,True
Q3_2023,smart_223_raw,6110047,23601986,25.89,True
Q3_2023,smart_23_normalized,6077638,23601986,25.75,True
Q3_2023,smart_23_raw,6077638,23601986,25.75,True
Q3_2023,smart_24_normalized,6077638,23601986,25.75,True
Q3_2023,smart_24_raw,6077638,23601986,25.75,True
Q3_2023,smart_220_normalized,5593456,23601986,23.7,True
Q3_2023,smart_220_raw,5593456,23601986,23.7,True
Q3_2023,smart_222_normalized,5593456,23601986,23.7,True
Q3_2023,smart_222_raw,5593456,23601986,23.7,True
Q3_2023,smart_224_normalized,5593406,23601986,23.7,True
Q3_2023,smart_224_raw,5593406,23601986,23.7,True
Q3_2023,smart_226_normalized,5593456,23601986,23.7,True
Q3_2023,smart_226_raw,5593456,23601986,23.7,True
Q3_2023,smart_22_normalized,4977673,23601986,21.09,True
Q3_2023,smart_22_raw,4977673,23601986,21.09,True
Q3_2023,smart_195_normalized,4442529,23601986,18.82,True
Q3_2023,smart_195_raw,4442529,23601986,18.82,True
Q3_2023,smart_184_normalized,4049364,23601986,17.16,True
Q3_2023,smart_184_raw,4049364,23601986,17.16,True
Q3_2023,smart_189_normalized,3975961,23601986,16.85,True
Q3_2023,smart_189_raw,3975961,23601986,16.85,True
Q3_2023,smart_183_normalized,1752047,23601986,7.42,True
Q3_2023,smart_183_raw,1752047,23601986,7.42,True
Q3_2023,smart_173_normalized,246702,23601986,1.05,True
Q3_2023,smart_173_raw,246702,23601986,1.05,True
Q3_2023,smart_174_normalized,246702,23601986,1.05,True
Q3_2023,smart_174_raw,246702,23601986,1.05,True
Q3_2023,smart_233_normalized,200197,23601986,0.85,True
Q3_2023,smart_233_raw,200197,23601986,0.85,True
Q3_2023,smart_168_normalized,192054,23601986,0.81,True
Q3_2023,smart_168_raw,192054,23601986,0.81,True
Q3_2023,smart_170_normalized,192146,23601986,0.81,True
Q3_2023,smart_170_raw,192146,23601986,0.81,True
Q3_2023,smart_232_normalized,192054,23601986,0.81,True
Q3_2023,smart_232_raw,192054,23601986,0.81,True
Q3_2023,smart_16_normalized,174219,23601986,0.74,True
Q3_2023,smart_16_raw,174219,23601986,0.74,True
Q3_2023,smart_177_normalized,174219,23601986,0.74,True
Q3_2023,smart_177_raw,174219,23601986,0.74,True
Q3_2023,smart_17_normalized,174219,23601986,0.74,True
Q3_2023,smart_17_raw,174219,23601986,0.74,True
Q3_2023,smart_218_normalized,174219,23601986,0.74,True
Q3_2023,smart_218_raw,174219,23601986,0.74,True
Q3_2023,smart_231_normalized,174219,23601986,0.74,True
Q3_2023,smart_231_raw,174219,23601986,0.74,True
Q3_2023,smart_235_normalized,174311,23601986,0.74,True
Q3_2023,smart_235_raw,174311,23601986,0.74,True
Q3_2023,smart_171_normalized,72483,23601986,0.31,True
Q3_2023,smart_171_raw,72483,23601986,0.31,True
Q3_2023,smart_172_normalized,72483,23601986,0.31,True
Q3_2023,smart_172_raw,72483,23601986,0.31,True
Q3_2023,smart_180_normalized,62699,23601986,0.27,True
Q3_2023,smart_180_raw,62699,23601986,0.27,True
Q3_2023,smart_202_normalized,62699,23601986,0.27,True
Q3_2023,smart_202_raw,62699,23601986,0.27,True
Q3_2023,smart_234_normalized,62542,23601986,0.26,True
Q3_2023,smart_234_raw,62542,23601986,0.26,True
Q3_2023,smart_11_normalized,56788,23601986,0.24,True
Q3_2023,smart_11_raw,56788,23601986,0.24,True
Q3_2023,smart_206_normalized,54556,23601986,0.23,True
Q3_2023,smart_206_raw,54556,23601986,0.23,True
Q3_2023,smart_210_normalized,54556,23601986,0.23,True
Q3_2023,smart_210_raw,54556,23601986,0.23,True
Q3_2023,smart_246_normalized,54556,23601986,0.23,True
Q3_2023,smart_246_raw,54556,23601986,0.23,True
Q3_2023,smart_247_normalized,54556,23601986,0.23,True
Q3_2023,smart_247_raw,54556,23601986,0.23,True
Q3_2023,smart_248_normalized,54556,23601986,0.23,True
Q3_2023,smart_248_raw,54556,23601986,0.23,True
Q3_2023,smart_225_normalized,34324,23601986,0.15,True
Q3_2023,smart_225_raw,34324,23601986,0.15,True
Q3_2023,smart_254_normalized,22183,23601986,0.09,True
Q3_2023,smart_254_raw,22183,23601986,0.09,True
Q3_2023,smart_165_normalized,17835,23601986,0.08,True
Q3_2023,smart_165_raw,17835,23601986,0.08,True
Q3_2023,smart_166_normalized,17835,23601986,0.08,True
Q3_2023,smart_166_raw,17835,23601986,0.08,True
Q3_2023,smart_167_normalized,17835,23601986,0.08,True
Q3_2023,smart_167_raw,17835,23601986,0.08,True
Q3_2023,smart_169_normalized,17835,23601986,0.08,True
Q3_2023,smart_169_raw,17835,23601986,0.08,True
Q3_2023,smart_230_normalized,17835,23601986,0.08,True
Q3_2023,smart_230_raw,17835,23601986,0.08,True
Q3_2023,smart_244_normalized,17835,23601986,0.08,True
Q3_2023,smart_244_raw,17835,23601986,0.08,True
Q3_2023,smart_13_normalized,8143,23601986,0.03,True
Q3_2023,smart_13_raw,8143,23601986,0.03,True
Q3_2023,smart_179_normalized,8143,23601986,0.03,True
Q3_2023,smart_179_raw,8143,23601986,0.03,True
Q3_2023,smart_181_normalized,8143,23601986,0.03,True
Q3_2023,smart_181_raw,8143,23601986,0.03,True
Q3_2023,smart_182_normalized,8143,23601986,0.03,True
Q3_2023,smart_182_raw,8143,23601986,0.03,True
Q3_2023,smart_201_normalized,8143,23601986,0.03,True
Q3_2023,smart_201_raw,8143,23601986,0.03,True
Q3_2023,smart_245_normalized,8143,23601986,0.03,True
Q3_2023,smart_245_raw,8143,23601986,0.03,True
Q3_2023,smart_15_normalized,0,23601986,0.0,True
Q3_2023,smart_15_raw,0,23601986,0.0,True
Q3_2023,smart_160_normalized,0,23601986,0.0,True
Q3_2023,smart_160_raw,0,23601986,0.0,True
Q3_2023,smart_161_normalized,0,23601986,0.0,True
Q3_2023,smart_161_raw,0,23601986,0.0,True
Q3_2023,smart_163_normalized,0,23601986,0.0,True
Q3_2023,smart_163_raw,0,23601986,0.0,True
Q3_2023,smart_164_normalized,0,23601986,0.0,True
Q3_2023,smart_164_raw,0,23601986,0.0,True
Q3_2023,smart_175_normalized,92,23601986,0.0,True
Q3_2023,smart_175_raw,92,23601986,0.0,True
Q3_2023,smart_176_normalized,0,23601986,0.0,True
Q3_2023,smart_176_raw,0,23601986,0.0,True
Q3_2023,smart_178_normalized,0,23601986,0.0,True
Q3_2023,smart_178_raw,0,23601986,0.0,True
Q3_2023,smart_250_normalized,0,23601986,0.0,True
Q3_2023,smart_250_raw,0,23601986,0.0,True
Q3_2023,smart_251_normalized,0,23601986,0.0,True
Q3_2023,smart_251_raw,0,23601986,0.0,True
Q3_2023,smart_252_normalized,0,23601986,0.0,True
Q3_2023,smart_252_raw,0,23601986,0.0,True
Q3_2023,smart_255_normalized,0,23601986,0.0,True
Q3_2023,smart_255_raw,0,23601986,0.0,True
Q3_2023,smart_27_normalized,50,23601986,0.0,True
Q3_2023,smart_27_raw,50,23601986,0.0,True
Q3_2023,smart_71_normalized,1084,23601986,0.0,True
Q3_2023,smart_71_raw,1084,23601986,0.0,True
Q3_2023,smart_82_normalized,310,23601986,0.0,True
Q3_2023,smart_82_raw,310,23601986,0.0,True
Q3_2023,smart_90_normalized,1084,23601986,0.0,True
Q3_2023,smart_90_raw,1084,23601986,0.0,True
Q3_2024,capacity_bytes,26822987,26822987,100.0,False
Q3_2024,cluster_id,26822987,26822987,100.0,False
Q3_2024,date,26822987,26822987,100.0,False
Q3_2024,failure,26822987,26822987,100.0,False
Q3_2024,is_legacy_format,26822987,26822987,100.0,False
Q3_2024,model,26822987,26822987,100.0,False
Q3_2024,pod_id,26822987,26822987,100.0,False
Q3_2024,serial_number,26822987,26822987,100.0,False
Q3_2024,vault_id,26822987,26822987,100.0,False
Q3_2024,pod_slot_num,26430366,26822987,98.54,False
Q3_2024,datacenter,24724258,26822987,92.18,False
Q3_2024,smart_12_normalized,26772761,26822987,99.81,True
Q3_2024,smart_12_raw,26772761,26822987,99.81,True
Q3_2024,smart_194_normalized,26772718,26822987,99.81,True
Q3_2024,smart_194_raw,26772718,26822987,99.81,True
Q3_2024,smart_9_normalized,26772761,26822987,99.81,True
Q3_2024,smart_9_raw,26772761,26822987,99.81,True
Q3_2024,smart_1_normalized,26746398,26822987,99.71,True
Q3_2024,smart_1_raw,26746398,26822987,99.71,True
Q3_2024,smart_192_normalized,26674751,26822987,99.45,True
Q3_2024,smart_192_raw,26674751,26822987,99.45,True
Q3_2024,smart_199_normalized,26601834,26822987,99.18,True
Q3_2024,smart_199_raw,26601834,26822987,99.18,True
Q3_2024,smart_5_normalized,26601835,26822987,99.18,True
Q3_2024,smart_5_raw,26601835,26822987,99.18,True
Q3_2024,smart_198_normalized,26575471,26822987,99.08,True
Q3_2024,smart_198_raw,26575471,26822987,99.08,True
Q3_2024,smart_10_normalized,26503824,26822987,98.81,True
Q3_2024,smart_10_raw,26503824,26822987,98.81,True
Q3_2024,smart_3_normalized,26503824,26822987,98.81,True
Q3_2024,smart_3_raw,26503824,26822987,98.81,True
Q3_2024,smart_4_normalized,26503824,26822987,98.81,True
Q3_2024,smart_4_raw,26503824,26822987,98.81,True
Q3_2024,smart_7_normalized,26503824,26822987,98.81,True
Q3_2024,smart_7_raw,26503824,26822987,98.81,True
Q3_2024,smart_193_normalized,26489953,26822987,98.76,True
Q3_2024,smart_193_raw,26489953,26822987,98.76,True
Q3_2024,smart_197_normalized,26023927,26822987,97.02,True
Q3_2024,smart_197_raw,26023927,26822987,97.02,True
Q3_2024,smart_240_normalized,17637154,26822987,65.75,True
Q3_2024,smart_240_raw,17637154,26822987,65.75,True
Q3_2024,smart_196_normalized,16773021,26822987,62.53,True
Q3_2024,smart_196_raw,16773021,26822987,62.53,True
Q3_2024,smart_2_normalized,16698012,26822987,62.25,True
Q3_2024,smart_2_raw,16698012,26822987,62.25,True
Q3_2024,smart_8_normalized,16698012,26822987,62.25,True
Q3_2024,smart_8_raw,16698012,26822987,62.25,True
Q3_2024,smart_241_normalized,11246716,26822987,41.93,True
Q3_2024,smart_241_raw,11246716,26822987,41.93,True
Q3_2024,smart_242_normalized,11246673,26822987,41.93,True
Q3_2024,smart_242_raw,11246673,26822987,41.93,True
Q3_2024,smart_191_normalized,10232460,26822987,38.15,True
Q3_2024,smart_191_raw,10232460,26822987,38.15,True
Q3_2024,smart_187_normalized,9884084,26822987,36.85,True
Q3_2024,smart_187_raw,9884084,26822987,36.85,True
Q3_2024,smart_188_normalized,9826735,26822987,36.64,True
Q3_2024,smart_188_raw,9826735,26822987,36.64,True
Q3_2024,smart_190_normalized,9794305,26822987,36.51,True
Q3_2024,smart_190_raw,9794305,26822987,36.51,True
Q3_2024,smart_23_normalized,8347399,26822987,31.12,True
Q3_2024,smart_23_raw,8347399,26822987,31.12,True
Q3_2024,smart_24_normalized,8347399,26822987,31.12,True
Q3_2024,smart_24_raw,8347399,26822987,31.12,True
Q3_2024,smart_223_normalized,8183843,26822987,30.51,True
Q3_2024,smart_223_raw,8183843,26822987,30.51,True
Q3_2024,smart_220_normalized,7840349,26822987,29.23,True
Q3_2024,smart_220_raw,7840349,26822987,29.23,True
Q3_2024,smart_222_normalized,7840349,26822987,29.23,True
Q3_2024,smart_222_raw,7840349,26822987,29.23,True
Q3_2024,smart_226_normalized,7840349,26822987,29.23,True
Q3_2024,smart_226_raw,7840349,26822987,29.23,True
Q3_2024,smart_224_normalized,7655318,26822987,28.54,True
Q3_2024,smart_224_raw,7655318,26822987,28.54,True
Q3_2024,smart_200_normalized,7520477,26822987,28.04,True
Q3_2024,smart_200_raw,7520477,26822987,28.04,True
Q3_2024,smart_22_normalized,7450319,26822987,27.78,True
Q3_2024,smart_22_raw,7450319,26822987,27.78,True
Q3_2024,smart_18_normalized,7320068,26822987,27.29,True
Q3_2024,smart_18_raw,7320068,26822987,27.29,True
Q3_2024,smart_195_normalized,4244323,26822987,15.82,True
Q3_2024,smart_195_raw,4244323,26822987,15.82,True
Q3_2024,smart_184_normalized,2469903,26822987,9.21,True
Q3_2024,smart_184_raw,2469903,26822987,9.21,True
Q3_2024,smart_189_normalized,2374187,26822987,8.85,True
Q3_2024,smart_189_raw,2374187,26822987,8.85,True
Q3_2024,smart_71_normalized,1437867,26822987,5.36,True
Q3_2024,smart_71_raw,1437867,26822987,5.36,True
Q3_2024,smart_90_normalized,1437867,26822987,5.36,True
Q3_2024,smart_90_raw,1437867,26822987,5.36,True
Q3_2024,smart_173_normalized,260798,26822987,0.97,True
Q3_2024,smart_173_raw,260798,26822987,0.97,True
Q3_2024,smart_174_normalized,260798,26822987,0.97,True
Q3_2024,smart_174_raw,260798,26822987,0.97,True
Q3_2024,smart_183_normalized,221115,26822987,0.82,True
Q3_2024,smart_183_raw,221115,26822987,0.82,True
Q3_2024,smart_233_normalized,205435,26822987,0.77,True
Q3_2024,smart_233_raw,205435,26822987,0.77,True
Q3_2024,smart_168_normalized,197247,26822987,0.74,True
Q3_2024,smart_168_raw,197247,26822987,0.74,True
Q3_2024,smart_170_normalized,197647,26822987,0.74,True
Q3_2024,smart_170_raw,197647,26822987,0.74,True
Q3_2024,smart_232_normalized,197247,26822987,0.74,True
Q3_2024,smart_232_raw,197247,26822987,0.74,True
Q3_2024,smart_27_normalized,185182,26822987,0.69,True
Q3_2024,smart_27_raw,185182,26822987,0.69,True
Q3_2024,smart_16_normalized,170927,26822987,0.64,True
Q3_2024,smart_16_raw,170927,26822987,0.64,True
Q3_2024,smart_177_normalized,170970,26822987,0.64,True
Q3_2024,smart_177_raw,170970,26822987,0.64,True
Q3_2024,smart_17_normalized,170927,26822987,0.64,True
Q3_2024,smart_17_raw,170927,26822987,0.64,True
Q3_2024,smart_218_normalized,170927,26822987,0.64,True
Q3_2024,smart_218_raw,170927,26822987,0.64,True
Q3_2024,smart_231_normalized,170927,26822987,0.64,True
Q3_2024,smart_231_raw,170927,26822987,0.64,True
Q3_2024,smart_235_normalized,171062,26822987,0.64,True
Q3_2024,smart_235_raw,171062,26822987,0.64,True
Q3_2024,smart_171_normalized,89871,26822987,0.34,True
Q3_2024,smart_171_raw,89871,26822987,0.34,True
Q3_2024,smart_172_normalized,89871,26822987,0.34,True
Q3_2024,smart_172_raw,89871,26822987,0.34,True
Q3_2024,smart_234_normalized,74142,26822987,0.28,True
Q3_2024,smart_234_raw,74142,26822987,0.28,True
Q3_2024,smart_180_normalized,71647,26822987,0.27,True
Q3_2024,smart_180_raw,71647,26822987,0.27,True
Q3_2024,smart_202_normalized,71647,26822987,0.27,True
Q3_2024,smart_202_raw,71647,26822987,0.27,True
Q3_2024,smart_206_normalized,63459,26822987,0.24,True
Q3_2024,smart_206_raw,63459,26822987,0.24,True
Q3_2024,smart_210_normalized,63459,26822987,0.24,True
Q3_2024,smart_210_raw,63459,26822987,0.24,True
Q3_2024,smart_246_normalized,63459,26822987,0.24,True
Q3_2024,smart_246_raw,63459,26822987,0.24,True
Q3_2024,smart_247_normalized,63459,26822987,0.24,True
Q3_2024,smart_247_raw,63459,26822987,0.24,True
Q3_2024,smart_248_normalized,63459,26822987,0.24,True
Q3_2024,smart_248_raw,63459,26822987,0.24,True
Q3_2024,smart_165_normalized,26320,26822987,0.1,True
Q3_2024,smart_165_raw,26320,26822987,0.1,True
Q3_2024,smart_166_normalized,26320,26822987,0.1,True
Q3_2024,smart_166_raw,26320,26822987,0.1,True
Q3_2024,smart_167_normalized,26320,26822987,0.1,True
Q3_2024,smart_167_raw,26320,26822987,0.1,True
Q3_2024,smart_169_normalized,26320,26822987,0.1,True
Q3_2024,smart_169_raw,26320,26822987,0.1,True
Q3_2024,smart_230_normalized,26320,26822987,0.1,True
Q3_2024,smart_230_raw,26320,26822987,0.1,True
Q3_2024,smart_244_normalized,26320,26822987,0.1,True
Q3_2024,smart_244_raw,26320,26822987,0.1,True
Q3_2024,smart_11_normalized,25421,26822987,0.09,True
Q3_2024,smart_11_raw,25421,26822987,0.09,True
Q3_2024,smart_254_normalized,20143,26822987,0.08,True
Q3_2024,smart_254_raw,20143,26822987,0.08,True
Q3_2024,smart_225_normalized,13871,26822987,0.05,True
Q3_2024,smart_225_raw,13871,26822987,0.05,True
Q3_2024,smart_13_normalized,8188,26822987,0.03,True
Q3_2024,smart_13_raw,8188,26822987,0.03,True
Q3_2024,smart_179_normalized,8231,26822987,0.03,True
Q3_2024,smart_179_raw,8231,26822987,0.03,True
Q3_2024,smart_181_normalized,8231,26822987,0.03,True
Q3_2024,smart_181_raw,8231,26822987,0.03,True
Q3_2024,smart_182_normalized,8231,26822987,0.03,True
Q3_2024,smart_182_raw,8231,26822987,0.03,True
Q3_2024,smart_201_normalized,8188,26822987,0.03,True
Q3_2024,smart_201_raw,8188,26822987,0.03,True
Q3_2024,smart_245_normalized,8188,26822987,0.03,True
Q3_2024,smart_245_raw,8188,26822987,0.03,True
Q3_2024,smart_15_normalized,0,26822987,0.0,True
Q3_2024,smart_15_raw,0,26822987,0.0,True
Q3_2024,smart_160_normalized,0,26822987,0.0,True
Q3_2024,smart_160_raw,0,26822987,0.0,True
Q3_2024,smart_161_normalized,0,26822987,0.0,True
Q3_2024,smart_161_raw,0,26822987,0.0,True
Q3_2024,smart_163_normalized,0,26822987,0.0,True
Q3_2024,smart_163_raw,0,26822987,0.0,True
Q3_2024,smart_164_normalized,0,26822987,0.0,True
Q3_2024,smart_164_raw,0,26822987,0.0,True
Q3_2024,smart_175_normalized,92,26822987,0.0,True
Q3_2024,smart_175_raw,92,26822987,0.0,True
Q3_2024,smart_176_normalized,0,26822987,0.0,True
Q3_2024,smart_176_raw,0,26822987,0.0,True
Q3_2024,smart_178_normalized,0,26822987,0.0,True
Q3_2024,smart_178_raw,0,26822987,0.0,True
Q3_2024,smart_211_normalized,308,26822987,0.0,True
Q3_2024,smart_211_raw,308,26822987,0.0,True
Q3_2024,smart_212_normalized,308,26822987,0.0,True
Q3_2024,smart_212_raw,308,26822987,0.0,True
Q3_2024,smart_250_normalized,0,26822987,0.0,True
Q3_2024,smart_250_raw,0,26822987,0.0,True
Q3_2024,smart_251_normalized,0,26822987,0.0,True
Q3_2024,smart_251_raw,0,26822987,0.0,True
Q3_2024,smart_252_normalized,0,26822987,0.0,True
Q3_2024,smart_252_raw,0,26822987,0.0,True
Q3_2024,smart_255_normalized,0,26822987,0.0,True
Q3_2024,smart_255_raw,0,26822987,0.0,True
Q3_2024,smart_82_normalized,432,26822987,0.0,True
Q3_2024,smart_82_raw,432,26822987,0.0,True
Q3_2025,capacity_bytes,29844451,29844451,100.0,False
Q3_2025,cluster_id,29844451,29844451,100.0,False
Q3_2025,datacenter,29844451,29844451,100.0,False
Q3_2025,date,29844451,29844451,100.0,False
Q3_2025,failure,29844451,29844451,100.0,False
Q3_2025,is_legacy_format,29844451,29844451,100.0,False
Q3_2025,model,29844451,29844451,100.0,False
Q3_2025,pod_id,29844451,29844451,100.0,False
Q3_2025,serial_number,29844451,29844451,100.0,False
Q3_2025,vault_id,29844451,29844451,100.0,False
Q3_2025,pod_slot_num,29449418,29844451,98.68,False
Q3_2025,smart_12_normalized,29804764,29844451,99.87,True
Q3_2025,smart_12_raw,29804764,29844451,99.87,True
Q3_2025,smart_194_normalized,29804212,29844451,99.87,True
Q3_2025,smart_194_raw,29804212,29844451,99.87,True
Q3_2025,smart_9_normalized,29804764,29844451,99.87,True
Q3_2025,smart_9_raw,29804764,29844451,99.87,True
Q3_2025,smart_1_normalized,29775525,29844451,99.77,True
Q3_2025,smart_1_raw,29775525,29844451,99.77,True
Q3_2025,smart_192_normalized,29701632,29844451,99.52,True
Q3_2025,smart_192_raw,29701632,29844451,99.52,True
Q3_2025,smart_199_normalized,29636120,29844451,99.3,True
Q3_2025,smart_199_raw,29636120,29844451,99.3,True
Q3_2025,smart_5_normalized,29636120,29844451,99.3,True
Q3_2025,smart_5_raw,29636120,29844451,99.3,True
Q3_2025,smart_198_normalized,29606881,29844451,99.2,True
Q3_2025,smart_198_raw,29606881,29844451,99.2,True
Q3_2025,smart_3_normalized,29532988,29844451,98.96,True
Q3_2025,smart_3_raw,29532988,29844451,98.96,True
Q3_2025,smart_4_normalized,29532988,29844451,98.96,True
Q3_2025,smart_4_raw,29532988,29844451,98.96,True
Q3_2025,smart_7_normalized,29532988,29844451,98.96,True
Q3_2025,smart_7_raw,29532988,29844451,98.96,True
Q3_2025,smart_193_normalized,29526469,29844451,98.93,True
Q3_2025,smart_193_raw,29526469,29844451,98.93,True
Q3_2025,smart_10_normalized,29508840,29844451,98.88,True
Q3_2025,smart_10_raw,29508840,29844451,98.88,True
Q3_2025,smart_197_normalized,29050324,29844451,97.34,True
Q3_2025,smart_197_raw,29050324,29844451,97.34,True
Q3_2025,smart_240_normalized,19399601,29844451,65.0,True
Q3_2025,smart_240_raw,19399601,29844451,65.0,True
Q3_2025,smart_196_normalized,19340836,29844451,64.81,True
Q3_2025,smart_196_raw,19340836,29844451,64.81,True
Q3_2025,smart_2_normalized,19266563,29844451,64.56,True
Q3_2025,smart_2_raw,19266563,29844451,64.56,True
Q3_2025,smart_8_normalized,19266563,29844451,64.56,True
Q3_2025,smart_8_raw,19266563,29844451,64.56,True
Q3_2025,smart_241_normalized,12991001,29844451,43.53,True
Q3_2025,smart_241_raw,12991001,29844451,43.53,True
Q3_2025,smart_242_normalized,12990449,29844451,43.53,True
Q3_2025,smart_242_raw,12990449,29844451,43.53,True
Q3_2025,smart_191_normalized,11334774,29844451,37.98,True
Q3_2025,smart_191_raw,11334774,29844451,37.98,True
Q3_2025,smart_187_normalized,10328493,29844451,34.61,True
Q3_2025,smart_187_raw,10328493,29844451,34.61,True
Q3_2025,smart_188_normalized,10276227,29844451,34.43,True
Q3_2025,smart_188_raw,10276227,29844451,34.43,True
Q3_2025,smart_190_normalized,10234181,29844451,34.29,True
Q3_2025,smart_190_raw,10234181,29844451,34.29,True
Q3_2025,smart_23_normalized,9686349,29844451,32.46,True
Q3_2025,smart_23_raw,9686349,29844451,32.46,True
Q3_2025,smart_24_normalized,9686349,29844451,32.46,True
Q3_2025,smart_24_raw,9686349,29844451,32.46,True
Q3_2025,smart_22_normalized,9551176,29844451,32.0,True
Q3_2025,smart_22_raw,9551176,29844451,32.0,True
Q3_2025,smart_220_normalized,9164592,29844451,30.71,True
Q3_2025,smart_220_raw,9164592,29844451,30.71,True
Q3_2025,smart_222_normalized,9164592,29844451,30.71,True
Q3_2025,smart_222_raw,9164592,29844451,30.71,True
Q3_2025,smart_226_normalized,9164592,29844451,30.71,True
Q3_2025,smart_226_raw,9164592,29844451,30.71,True
Q3_2025,smart_223_normalized,8241154,29844451,27.61,True
Q3_2025,smart_223_raw,8241154,29844451,27.61,True
Q3_2025,smart_200_normalized,8156819,29844451,27.33,True
Q3_2025,smart_200_raw,8156819,29844451,27.33,True
Q3_2025,smart_18_normalized,7980277,29844451,26.74,True
Q3_2025,smart_18_raw,7980277,29844451,26.74,True
Q3_2025,smart_224_normalized,7724317,29844451,25.88,True
Q3_2025,smart_224_raw,7724317,29844451,25.88,True
Q3_2025,smart_195_normalized,4125466,29844451,13.82,True
Q3_2025,smart_195_raw,4125466,29844451,13.82,True
Q3_2025,smart_71_normalized,3555491,29844451,11.91,True
Q3_2025,smart_71_raw,3555491,29844451,11.91,True
Q3_2025,smart_90_normalized,3555491,29844451,11.91,True
Q3_2025,smart_90_raw,3555491,29844451,11.91,True
Q3_2025,smart_184_normalized,2269034,29844451,7.6,True
Q3_2025,smart_184_raw,2269034,29844451,7.6,True
Q3_2025,smart_189_normalized,2160903,29844451,7.24,True
Q3_2025,smart_189_raw,2160903,29844451,7.24,True
Q3_2025,smart_27_normalized,1458127,29844451,4.89,True
Q3_2025,smart_27_raw,1458127,29844451,4.89,True
Q3_2025,smart_173_normalized,263140,29844451,0.88,True
Q3_2025,smart_173_raw,263140,29844451,0.88,True
Q3_2025,smart_174_normalized,263140,29844451,0.88,True
Q3_2025,smart_174_raw,263140,29844451,0.88,True
Q3_2025,smart_233_normalized,205599,29844451,0.69,True
Q3_2025,smart_233_raw,205599,29844451,0.69,True
Q3_2025,smart_168_normalized,197331,29844451,0.66,True
Q3_2025,smart_168_raw,197331,29844451,0.66,True
Q3_2025,smart_170_normalized,197791,29844451,0.66,True
Q3_2025,smart_170_raw,197791,29844451,0.66,True
Q3_2025,smart_232_normalized,197331,29844451,0.66,True
Q3_2025,smart_232_raw,197331,29844451,0.66,True
Q3_2025,smart_16_normalized,168644,29844451,0.57,True
Q3_2025,smart_16_raw,168644,29844451,0.57,True
Q3_2025,smart_177_normalized,169196,29844451,0.57,True
Q3_2025,smart_177_raw,169196,29844451,0.57,True
Q3_2025,smart_17_normalized,168644,29844451,0.57,True
Q3_2025,smart_17_raw,168644,29844451,0.57,True
Q3_2025,smart_218_normalized,168644,29844451,0.57,True
Q3_2025,smart_218_raw,168644,29844451,0.57,True
Q3_2025,smart_231_normalized,168644,29844451,0.57,True
Q3_2025,smart_231_raw,168644,29844451,0.57,True
Q3_2025,smart_235_normalized,169380,29844451,0.57,True
Q3_2025,smart_235_raw,169380,29844451,0.57,True
Q3_2025,smart_171_normalized,94404,29844451,0.32,True
Q3_2025,smart_171_raw,94404,29844451,0.32,True
Q3_2025,smart_172_normalized,94404,29844451,0.32,True
Q3_2025,smart_172_raw,94404,29844451,0.32,True
Q3_2025,smart_234_normalized,78567,29844451,0.26,True
Q3_2025,smart_234_raw,78567,29844451,0.26,True
Q3_2025,smart_180_normalized,73893,29844451,0.25,True
Q3_2025,smart_180_raw,73893,29844451,0.25,True
Q3_2025,smart_202_normalized,73893,29844451,0.25,True
Q3_2025,smart_202_raw,73893,29844451,0.25,True
Q3_2025,smart_183_normalized,66177,29844451,0.22,True
Q3_2025,smart_183_raw,66177,29844451,0.22,True
Q3_2025,smart_206_normalized,65625,29844451,0.22,True
Q3_2025,smart_206_raw,65625,29844451,0.22,True
Q3_2025,smart_210_normalized,65625,29844451,0.22,True
Q3_2025,smart_210_raw,65625,29844451,0.22,True
Q3_2025,smart_246_normalized,65625,29844451,0.22,True
Q3_2025,smart_246_raw,65625,29844451,0.22,True
Q3_2025,smart_247_normalized,65625,29844451,0.22,True
Q3_2025,smart_247_raw,65625,29844451,0.22,True
Q3_2025,smart_248_normalized,65625,29844451,0.22,True
Q3_2025,smart_248_raw,65625,29844451,0.22,True
Q3_2025,smart_165_normalized,28687,29844451,0.1,True
Q3_2025,smart_165_raw,28687,29844451,0.1,True
Q3_2025,smart_166_normalized,28687,29844451,0.1,True
Q3_2025,smart_166_raw,28687,29844451,0.1,True
Q3_2025,smart_167_normalized,28687,29844451,0.1,True
Q3_2025,smart_167_raw,28687,29844451,0.1,True
Q3_2025,smart_169_normalized,28687,29844451,0.1,True
Q3_2025,smart_169_raw,28687,29844451,0.1,True
Q3_2025,smart_230_normalized,28687,29844451,0.1,True
Q3_2025,smart_230_raw,28687,29844451,0.1,True
Q3_2025,smart_244_normalized,28687,29844451,0.1,True
Q3_2025,smart_244_raw,28687,29844451,0.1,True
Q3_2025,smart_254_normalized,18473,29844451,0.06,True
Q3_2025,smart_254_raw,18473,29844451,0.06,True
Q3_2025,smart_11_normalized,15167,29844451,0.05,True
Q3_2025,smart_11_raw,15167,29844451,0.05,True
Q3_2025,smart_13_normalized,8268,29844451,0.03,True
Q3_2025,smart_13_raw,8268,29844451,0.03,True
Q3_2025,smart_179_normalized,8820,29844451,0.03,True
Q3_2025,smart_179_raw,8820,29844451,0.03,True
Q3_2025,smart_181_normalized,8820,29844451,0.03,True
Q3_2025,smart_181_raw,8820,29844451,0.03,True
Q3_2025,smart_182_normalized,8820,29844451,0.03,True
Q3_2025,smart_182_raw,8820,29844451,0.03,True
Q3_2025,smart_201_normalized,8268,29844451,0.03,True
Q3_2025,smart_201_raw,8268,29844451,0.03,True
Q3_2025,smart_245_normalized,8268,29844451,0.03,True
Q3_2025,smart_245_raw,8268,29844451,0.03,True
Q3_2025,smart_225_normalized,6519,29844451,0.02,True
Q3_2025,smart_225_raw,6519,29844451,0.02,True
Q3_2025,smart_15_normalized,0,29844451,0.0,True
Q3_2025,smart_15_raw,0,29844451,0.0,True
Q3_2025,smart_160_normalized,0,29844451,0.0,True
Q3_2025,smart_160_raw,0,29844451,0.0,True
Q3_2025,smart_161_normalized,0,29844451,0.0,True
Q3_2025,smart_161_raw,0,29844451,0.0,True
Q3_2025,smart_163_normalized,0,29844451,0.0,True
Q3_2025,smart_163_raw,0,29844451,0.0,True
Q3_2025,smart_164_normalized,0,29844451,0.0,True
Q3_2025,smart_164_raw,0,29844451,0.0,True
Q3_2025,smart_175_normalized,184,29844451,0.0,True
Q3_2025,smart_175_raw,184,29844451,0.0,True
Q3_2025,smart_176_normalized,0,29844451,0.0,True
Q3_2025,smart_176_raw,0,29844451,0.0,True
Q3_2025,smart_178_normalized,0,29844451,0.0,True
Q3_2025,smart_178_raw,0,29844451,0.0,True
Q3_2025,smart_211_normalized,276,29844451,0.0,True
Q3_2025,smart_211_raw,276,29844451,0.0,True
Q3_2025,smart_212_normalized,276,29844451,0.0,True
Q3_2025,smart_212_raw,276,29844451,0.0,True
Q3_2025,smart_250_normalized,0,29844451,0.0,True
Q3_2025,smart_250_raw,0,29844451,0.0,True
Q3_2025,smart_251_normalized,0,29844451,0.0,True
Q3_2025,smart_251_raw,0,29844451,0.0,True
Q3_2025,smart_252_normalized,92,29844451,0.0,True
Q3_2025,smart_252_raw,92,29844451,0.0,True
Q3_2025,smart_255_normalized,0,29844451,0.0,True
Q3_2025,smart_255_raw,0,29844451,0.0,True
Q3_2025,smart_82_normalized,460,29844451,0.0,True
Q3_2025,smart_82_raw,460,29844451,0.0,True
Q4_2023,capacity_bytes,24790999,24790999,100.0,False
Q4_2023,cluster_id,24790999,24790999,100.0,False
Q4_2023,date,24790999,24790999,100.0,False
Q4_2023,failure,24790999,24790999,100.0,False
Q4_2023,is_legacy_format,24790999,24790999,100.0,False
Q4_2023,model,24790999,24790999,100.0,False
Q4_2023,pod_id,24790999,24790999,100.0,False
Q4_2023,serial_number,24790999,24790999,100.0,False
Q4_2023,vault_id,24790999,24790999,100.0,False
Q4_2023,datacenter,24437911,24790999,98.58,False
Q4_2023,pod_slot_num,24380467,24790999,98.34,False
Q4_2023,smart_12_normalized,24743974,24790999,99.81,True
Q4_2023,smart_12_raw,24743974,24790999,99.81,True
Q4_2023,smart_194_normalized,24743974,24790999,99.81,True
Q4_2023,smart_194_raw,24743974,24790999,99.81,True
Q4_2023,smart_9_normalized,24743974,24790999,99.81,True
Q4_2023,smart_9_raw,24743974,24790999,99.81,True
Q4_2023,smart_1_normalized,24721761,24790999,99.72,True
Q4_2023,smart_1_raw,24721761,24790999,99.72,True
Q4_2023,smart_192_normalized,24657610,24790999,99.46,True
Q4_2023,smart_192_raw,24657610,24790999,99.46,True
Q4_2023,smart_199_normalized,24568353,24790999,99.1,True
Q4_2023,smart_199_raw,24568353,24790999,99.1,True
Q4_2023,smart_5_normalized,24568353,24790999,99.1,True
Q4_2023,smart_5_raw,24568353,24790999,99.1,True
Q4_2023,smart_198_normalized,24546139,24790999,99.01,True
Q4_2023,smart_198_raw,24546139,24790999,99.01,True
Q4_2023,smart_10_normalized,24481989,24790999,98.75,True
Q4_2023,smart_10_raw,24481989,24790999,98.75,True
Q4_2023,smart_3_normalized,24481989,24790999,98.75,True
Q4_2023,smart_3_raw,24481989,24790999,98.75,True
Q4_2023,smart_4_normalized,24481989,24790999,98.75,True
Q4_2023,smart_4_raw,24481989,24790999,98.75,True
Q4_2023,smart_7_normalized,24481989,24790999,98.75,True
Q4_2023,smart_7_raw,24481989,24790999,98.75,True
Q4_2023,smart_193_normalized,24451710,24790999,98.63,True
Q4_2023,smart_193_raw,24451710,24790999,98.63,True
Q4_2023,smart_197_normalized,24004001,24790999,96.83,True
Q4_2023,smart_197_raw,24004001,24790999,96.83,True
Q4_2023,smart_240_normalized,17154279,24790999,69.2,True
Q4_2023,smart_240_raw,17154279,24790999,69.2,True
Q4_2023,smart_196_normalized,14053295,24790999,56.69,True
Q4_2023,smart_196_raw,14053295,24790999,56.69,True
Q4_2023,smart_2_normalized,13978404,24790999,56.38,True
Q4_2023,smart_2_raw,13978404,24790999,56.38,True
Q4_2023,smart_8_normalized,13978404,24790999,56.38,True
Q4_2023,smart_8_raw,13978404,24790999,56.38,True
Q4_2023,smart_241_normalized,11725845,24790999,47.3,True
Q4_2023,smart_241_raw,11725845,24790999,47.3,True
Q4_2023,smart_242_normalized,11725845,24790999,47.3,True
Q4_2023,smart_242_raw,11725845,24790999,47.3,True
Q4_2023,smart_187_normalized,10562876,24790999,42.61,True
Q4_2023,smart_187_raw,10562876,24790999,42.61,True
Q4_2023,smart_188_normalized,10509529,24790999,42.39,True
Q4_2023,smart_188_raw,10509529,24790999,42.39,True
Q4_2023,smart_190_normalized,10484678,24790999,42.29,True
Q4_2023,smart_190_raw,10484678,24790999,42.29,True
Q4_2023,smart_191_normalized,10345058,24790999,41.73,True
Q4_2023,smart_191_raw,10345058,24790999,41.73,True
Q4_2023,smart_223_normalized,7200178,24790999,29.04,True
Q4_2023,smart_223_raw,7200178,24790999,29.04,True
Q4_2023,smart_23_normalized,7146624,24790999,28.83,True
Q4_2023,smart_23_raw,7146624,24790999,28.83,True
Q4_2023,smart_24_normalized,7146624,24790999,28.83,True
Q4_2023,smart_24_raw,7146624,24790999,28.83,True
Q4_2023,smart_200_normalized,6974823,24790999,28.13,True
Q4_2023,smart_200_raw,6974823,24790999,28.13,True
Q4_2023,smart_18_normalized,6732783,24790999,27.16,True
Q4_2023,smart_18_raw,6732783,24790999,27.16,True
Q4_2023,smart_220_normalized,6664436,24790999,26.88,True
Q4_2023,smart_220_raw,6664436,24790999,26.88,True
Q4_2023,smart_222_normalized,6664436,24790999,26.88,True
Q4_2023,smart_222_raw,6664436,24790999,26.88,True
Q4_2023,smart_224_normalized,6664254,24790999,26.88,True
Q4_2023,smart_224_raw,6664254,24790999,26.88,True
Q4_2023,smart_226_normalized,6664436,24790999,26.88,True
Q4_2023,smart_226_raw,6664436,24790999,26.88,True
Q4_2023,smart_22_normalized,5583886,24790999,22.52,True
Q4_2023,smart_22_raw,5583886,24790999,22.52,True
Q4_2023,smart_195_normalized,4417575,24790999,17.82,True
Q4_2023,smart_195_raw,4417575,24790999,17.82,True
Q4_2023,smart_184_normalized,3723844,24790999,15.02,True
Q4_2023,smart_184_raw,3723844,24790999,15.02,True
Q4_2023,smart_189_normalized,3642917,24790999,14.69,True
Q4_2023,smart_189_raw,3642917,24790999,14.69,True
Q4_2023,smart_183_normalized,1436687,24790999,5.8,True
Q4_2023,smart_183_raw,1436687,24790999,5.8,True
Q4_2023,smart_173_normalized,253911,24790999,1.02,True
Q4_2023,smart_173_raw,253911,24790999,1.02,True
Q4_2023,smart_174_normalized,253911,24790999,1.02,True
Q4_2023,smart_174_raw,253911,24790999,1.02,True
Q4_2023,smart_233_normalized,206001,24790999,0.83,True
Q4_2023,smart_233_raw,206001,24790999,0.83,True
Q4_2023,smart_168_normalized,197835,24790999,0.8,True
Q4_2023,smart_168_raw,197835,24790999,0.8,True
Q4_2023,smart_170_normalized,197927,24790999,0.8,True
Q4_2023,smart_170_raw,197927,24790999,0.8,True
Q4_2023,smart_232_normalized,197835,24790999,0.8,True
Q4_2023,smart_232_raw,197835,24790999,0.8,True
Q4_2023,smart_16_normalized,175621,24790999,0.71,True
Q4_2023,smart_16_raw,175621,24790999,0.71,True
Q4_2023,smart_177_normalized,175621,24790999,0.71,True
Q4_2023,smart_177_raw,175621,24790999,0.71,True
Q4_2023,smart_17_normalized,175621,24790999,0.71,True
Q4_2023,smart_17_raw,175621,24790999,0.71,True
Q4_2023,smart_218_normalized,175621,24790999,0.71,True
Q4_2023,smart_218_raw,175621,24790999,0.71,True
Q4_2023,smart_231_normalized,175621,24790999,0.71,True
Q4_2023,smart_231_raw,175621,24790999,0.71,True
Q4_2023,smart_235_normalized,175713,24790999,0.71,True
Q4_2023,smart_235_raw,175713,24790999,0.71,True
Q4_2023,smart_71_normalized,121212,24790999,0.49,True
Q4_2023,smart_71_raw,121212,24790999,0.49,True
Q4_2023,smart_90_normalized,121212,24790999,0.49,True
Q4_2023,smart_90_raw,121212,24790999,0.49,True
Q4_2023,smart_171_normalized,78290,24790999,0.32,True
Q4_2023,smart_171_raw,78290,24790999,0.32,True
Q4_2023,smart_172_normalized,78290,24790999,0.32,True
Q4_2023,smart_172_raw,78290,24790999,0.32,True
Q4_2023,smart_234_normalized,69591,24790999,0.28,True
Q4_2023,smart_234_raw,69591,24790999,0.28,True
Q4_2023,smart_180_normalized,64150,24790999,0.26,True
Q4_2023,smart_180_raw,64150,24790999,0.26,True
Q4_2023,smart_202_normalized,64150,24790999,0.26,True
Q4_2023,smart_202_raw,64150,24790999,0.26,True
Q4_2023,smart_206_normalized,55984,24790999,0.23,True
Q4_2023,smart_206_raw,55984,24790999,0.23,True
Q4_2023,smart_210_normalized,55984,24790999,0.23,True
Q4_2023,smart_210_raw,55984,24790999,0.23,True
Q4_2023,smart_246_normalized,55984,24790999,0.23,True
Q4_2023,smart_246_raw,55984,24790999,0.23,True
Q4_2023,smart_247_normalized,55984,24790999,0.23,True
Q4_2023,smart_247_raw,55984,24790999,0.23,True
Q4_2023,smart_248_normalized,55984,24790999,0.23,True
Q4_2023,smart_248_raw,55984,24790999,0.23,True
Q4_2023,smart_11_normalized,49186,24790999,0.2,True
Q4_2023,smart_11_raw,49186,24790999,0.2,True
Q4_2023,smart_225_normalized,30279,24790999,0.12,True
Q4_2023,smart_225_raw,30279,24790999,0.12,True
Q4_2023,smart_165_normalized,22214,24790999,0.09,True
Q4_2023,smart_165_raw,22214,24790999,0.09,True
Q4_2023,smart_166_normalized,22214,24790999,0.09,True
Q4_2023,smart_166_raw,22214,24790999,0.09,True
Q4_2023,smart_167_normalized,22214,24790999,0.09,True
Q4_2023,smart_167_raw,22214,24790999,0.09,True
Q4_2023,smart_169_normalized,22214,24790999,0.09,True
Q4_2023,smart_169_raw,22214,24790999,0.09,True
Q4_2023,smart_230_normalized,22214,24790999,0.09,True
Q4_2023,smart_230_raw,22214,24790999,0.09,True
Q4_2023,smart_244_normalized,22214,24790999,0.09,True
Q4_2023,smart_244_raw,22214,24790999,0.09,True
Q4_2023,smart_254_normalized,21728,24790999,0.09,True
Q4_2023,smart_254_raw,21728,24790999,0.09,True
Q4_2023,smart_13_normalized,8166,24790999,0.03,True
Q4_2023,smart_13_raw,8166,24790999,0.03,True
Q4_2023,smart_179_normalized,8166,24790999,0.03,True
Q4_2023,smart_179_raw,8166,24790999,0.03,True
Q4_2023,smart_181_normalized,8166,24790999,0.03,True
Q4_2023,smart_181_raw,8166,24790999,0.03,True
Q4_2023,smart_182_normalized,8166,24790999,0.03,True
Q4_2023,smart_182_raw,8166,24790999,0.03,True
Q4_2023,smart_201_normalized,8166,24790999,0.03,True
Q4_2023,smart_201_raw,8166,24790999,0.03,True
Q4_2023,smart_245_normalized,8166,24790999,0.03,True
Q4_2023,smart_245_raw,8166,24790999,0.03,True
Q4_2023,smart_15_normalized,0,24790999,0.0,True
Q4_2023,smart_15_raw,0,24790999,0.0,True
Q4_2023,smart_160_normalized,0,24790999,0.0,True
Q4_2023,smart_160_raw,0,24790999,0.0,True
Q4_2023,smart_161_normalized,0,24790999,0.0,True
Q4_2023,smart_161_raw,0,24790999,0.0,True
Q4_2023,smart_163_normalized,0,24790999,0.0,True
Q4_2023,smart_163_raw,0,24790999,0.0,True
Q4_2023,smart_164_normalized,0,24790999,0.0,True
Q4_2023,smart_164_raw,0,24790999,0.0,True
Q4_2023,smart_175_normalized,92,24790999,0.0,True
Q4_2023,smart_175_raw,92,24790999,0.0,True
Q4_2023,smart_176_normalized,0,24790999,0.0,True
Q4_2023,smart_176_raw,0,24790999,0.0,True
Q4_2023,smart_178_normalized,0,24790999,0.0,True
Q4_2023,smart_178_raw,0,24790999,0.0,True
Q4_2023,smart_250_normalized,0,24790999,0.0,True
Q4_2023,smart_250_raw,0,24790999,0.0,True
Q4_2023,smart_251_normalized,0,24790999,0.0,True
Q4_2023,smart_251_raw,0,24790999,0.0,True
Q4_2023,smart_252_normalized,0,24790999,0.0,True
Q4_2023,smart_252_raw,0,24790999,0.0,True
Q4_2023,smart_255_normalized,0,24790999,0.0,True
Q4_2023,smart_255_raw,0,24790999,0.0,True
Q4_2023,smart_27_normalized,182,24790999,0.0,True
Q4_2023,smart_27_raw,182,24790999,0.0,True
Q4_2023,smart_82_normalized,736,24790999,0.0,True
Q4_2023,smart_82_raw,736,24790999,0.0,True
Q4_2024,capacity_bytes,27345292,27345292,100.0,False
Q4_2024,cluster_id,27345292,27345292,100.0,False
Q4_2024,date,27345292,27345292,100.0,False
Q4_2024,failure,27345292,27345292,100.0,False
Q4_2024,is_legacy_format,27345292,27345292,100.0,False
Q4_2024,model,27345292,27345292,100.0,False
Q4_2024,pod_id,27345292,27345292,100.0,False
Q4_2024,serial_number,27345292,27345292,100.0,False
Q4_2024,vault_id,27345292,27345292,100.0,False
Q4_2024,pod_slot_num,26961922,27345292,98.6,False
Q4_2024,datacenter,25159173,27345292,92.01,False
Q4_2024,smart_12_normalized,27298095,27345292,99.83,True
Q4_2024,smart_12_raw,27298095,27345292,99.83,True
Q4_2024,smart_194_normalized,27297911,27345292,99.83,True
Q4_2024,smart_194_raw,27297911,27345292,99.83,True
Q4_2024,smart_9_normalized,27298095,27345292,99.83,True
Q4_2024,smart_9_raw,27298095,27345292,99.83,True
Q4_2024,smart_1_normalized,27270207,27345292,99.73,True
Q4_2024,smart_1_raw,27270207,27345292,99.73,True
Q4_2024,smart_192_normalized,27198224,27345292,99.46,True
Q4_2024,smart_192_raw,27198224,27345292,99.46,True
Q4_2024,smart_199_normalized,27129403,27345292,99.21,True
Q4_2024,smart_199_raw,27129403,27345292,99.21,True
Q4_2024,smart_5_normalized,27129403,27345292,99.21,True
Q4_2024,smart_5_raw,27129403,27345292,99.21,True
Q4_2024,smart_198_normalized,27101514,27345292,99.11,True
Q4_2024,smart_198_raw,27101514,27345292,99.11,True
Q4_2024,smart_10_normalized,27029532,27345292,98.85,True
Q4_2024,smart_10_raw,27029532,27345292,98.85,True
Q4_2024,smart_3_normalized,27029532,27345292,98.85,True
Q4_2024,smart_3_raw,27029532,27345292,98.85,True
Q4_2024,smart_4_normalized,27029532,27345292,98.85,True
Q4_2024,smart_4_raw,27029532,27345292,98.85,True
Q4_2024,smart_7_normalized,27029532,27345292,98.85,True
Q4_2024,smart_7_raw,27029532,27345292,98.85,True
Q4_2024,smart_193_normalized,27020448,27345292,98.81,True
Q4_2024,smart_193_raw,27020448,27345292,98.81,True
Q4_2024,smart_197_normalized,26550532,27345292,97.09,True
Q4_2024,smart_197_raw,26550532,27345292,97.09,True
Q4_2024,smart_240_normalized,17836917,27345292,65.23,True
Q4_2024,smart_240_raw,17836917,27345292,65.23,True
Q4_2024,smart_196_normalized,17447015,27345292,63.8,True
Q4_2024,smart_196_raw,17447015,27345292,63.8,True
Q4_2024,smart_2_normalized,17372403,27345292,63.53,True
Q4_2024,smart_2_raw,17372403,27345292,63.53,True
Q4_2024,smart_8_normalized,17372403,27345292,63.53,True
Q4_2024,smart_8_raw,17372403,27345292,63.53,True
Q4_2024,smart_241_normalized,11358192,27345292,41.54,True
Q4_2024,smart_241_raw,11358192,27345292,41.54,True
Q4_2024,smart_242_normalized,11358008,27345292,41.54,True
Q4_2024,smart_242_raw,11358008,27345292,41.54,True
Q4_2024,smart_191_normalized,10403493,27345292,38.04,True
Q4_2024,smart_191_raw,10403493,27345292,38.04,True
Q4_2024,smart_187_normalized,9737994,27345292,35.61,True
Q4_2024,smart_187_raw,9737994,27345292,35.61,True
Q4_2024,smart_188_normalized,9681110,27345292,35.4,True
Q4_2024,smart_188_raw,9681110,27345292,35.4,True
Q4_2024,smart_190_normalized,9646495,27345292,35.28,True
Q4_2024,smart_190_raw,9646495,27345292,35.28,True
Q4_2024,smart_23_normalized,8697633,27345292,31.81,True
Q4_2024,smart_23_raw,8697633,27345292,31.81,True
Q4_2024,smart_24_normalized,8697633,27345292,31.81,True
Q4_2024,smart_24_raw,8697633,27345292,31.81,True
Q4_2024,smart_223_normalized,8267694,27345292,30.23,True
Q4_2024,smart_223_raw,8267694,27345292,30.23,True
Q4_2024,smart_220_normalized,8188306,27345292,29.94,True
Q4_2024,smart_220_raw,8188306,27345292,29.94,True
Q4_2024,smart_222_normalized,8188306,27345292,29.94,True
Q4_2024,smart_222_raw,8188306,27345292,29.94,True
Q4_2024,smart_226_normalized,8188306,27345292,29.94,True
Q4_2024,smart_226_raw,8188306,27345292,29.94,True
Q4_2024,smart_22_normalized,8145711,27345292,29.79,True
Q4_2024,smart_22_raw,8145711,27345292,29.79,True
Q4_2024,smart_224_normalized,7744892,27345292,28.32,True
Q4_2024,smart_224_raw,7744892,27345292,28.32,True
Q4_2024,smart_200_normalized,7536823,27345292,27.56,True
Q4_2024,smart_200_raw,7536823,27345292,27.56,True
Q4_2024,smart_18_normalized,7346953,27345292,26.87,True
Q4_2024,smart_18_raw,7346953,27345292,26.87,True
Q4_2024,smart_195_normalized,4212688,27345292,15.41,True
Q4_2024,smart_195_raw,4212688,27345292,15.41,True
Q4_2024,smart_184_normalized,2300752,27345292,8.41,True
Q4_2024,smart_184_raw,2300752,27345292,8.41,True
Q4_2024,smart_189_normalized,2202343,27345292,8.05,True
Q4_2024,smart_189_raw,2202343,27345292,8.05,True
Q4_2024,smart_71_normalized,2136148,27345292,7.81,True
Q4_2024,smart_71_raw,2136148,27345292,7.81,True
Q4_2024,smart_90_normalized,2136148,27345292,7.81,True
Q4_2024,smart_90_raw,2136148,27345292,7.81,True
Q4_2024,smart_27_normalized,444331,27345292,1.62,True
Q4_2024,smart_27_raw,444331,27345292,1.62,True
Q4_2024,smart_173_normalized,260283,27345292,0.95,True
Q4_2024,smart_173_raw,260283,27345292,0.95,True
Q4_2024,smart_174_normalized,260283,27345292,0.95,True
Q4_2024,smart_174_raw,260283,27345292,0.95,True
Q4_2024,smart_233_normalized,204585,27345292,0.75,True
Q4_2024,smart_233_raw,204585,27345292,0.75,True
Q4_2024,smart_168_normalized,196397,27345292,0.72,True
Q4_2024,smart_168_raw,196397,27345292,0.72,True
Q4_2024,smart_170_normalized,196765,27345292,0.72,True
Q4_2024,smart_170_raw,196765,27345292,0.72,True
Q4_2024,smart_232_normalized,196397,27345292,0.72,True
Q4_2024,smart_232_raw,196397,27345292,0.72,True
Q4_2024,smart_16_normalized,168692,27345292,0.62,True
Q4_2024,smart_16_raw,168692,27345292,0.62,True
Q4_2024,smart_177_normalized,168876,27345292,0.62,True
Q4_2024,smart_177_raw,168876,27345292,0.62,True
Q4_2024,smart_17_normalized,168692,27345292,0.62,True
Q4_2024,smart_17_raw,168692,27345292,0.62,True
Q4_2024,smart_218_normalized,168692,27345292,0.62,True
Q4_2024,smart_218_raw,168692,27345292,0.62,True
Q4_2024,smart_231_normalized,168692,27345292,0.62,True
Q4_2024,smart_231_raw,168692,27345292,0.62,True
Q4_2024,smart_235_normalized,168968,27345292,0.62,True
Q4_2024,smart_235_raw,168968,27345292,0.62,True
Q4_2024,smart_171_normalized,91591,27345292,0.33,True
Q4_2024,smart_171_raw,91591,27345292,0.33,True
Q4_2024,smart_172_normalized,91591,27345292,0.33,True
Q4_2024,smart_172_raw,91591,27345292,0.33,True
Q4_2024,smart_234_normalized,75749,27345292,0.28,True
Q4_2024,smart_234_raw,75749,27345292,0.28,True
Q4_2024,smart_180_normalized,71982,27345292,0.26,True
Q4_2024,smart_180_raw,71982,27345292,0.26,True
Q4_2024,smart_202_normalized,71982,27345292,0.26,True
Q4_2024,smart_202_raw,71982,27345292,0.26,True
Q4_2024,smart_183_normalized,64161,27345292,0.23,True
Q4_2024,smart_183_raw,64161,27345292,0.23,True
Q4_2024,smart_206_normalized,63794,27345292,0.23,True
Q4_2024,smart_206_raw,63794,27345292,0.23,True
Q4_2024,smart_210_normalized,63794,27345292,0.23,True
Q4_2024,smart_210_raw,63794,27345292,0.23,True
Q4_2024,smart_246_normalized,63794,27345292,0.23,True
Q4_2024,smart_246_raw,63794,27345292,0.23,True
Q4_2024,smart_247_normalized,63794,27345292,0.23,True
Q4_2024,smart_247_raw,63794,27345292,0.23,True
Q4_2024,smart_248_normalized,63794,27345292,0.23,True
Q4_2024,smart_248_raw,63794,27345292,0.23,True
Q4_2024,smart_165_normalized,27705,27345292,0.1,True
Q4_2024,smart_165_raw,27705,27345292,0.1,True
Q4_2024,smart_166_normalized,27705,27345292,0.1,True
Q4_2024,smart_166_raw,27705,27345292,0.1,True
Q4_2024,smart_167_normalized,27705,27345292,0.1,True
Q4_2024,smart_167_raw,27705,27345292,0.1,True
Q4_2024,smart_169_normalized,27705,27345292,0.1,True
Q4_2024,smart_169_raw,27705,27345292,0.1,True
Q4_2024,smart_230_normalized,27705,27345292,0.1,True
Q4_2024,smart_230_raw,27705,27345292,0.1,True
Q4_2024,smart_244_normalized,27705,27345292,0.1,True
Q4_2024,smart_244_raw,27705,27345292,0.1,True
Q4_2024,smart_11_normalized,19902,27345292,0.07,True
Q4_2024,smart_11_raw,19902,27345292,0.07,True
Q4_2024,smart_254_normalized,19532,27345292,0.07,True
Q4_2024,smart_254_raw,19532,27345292,0.07,True
Q4_2024,smart_13_normalized,8188,27345292,0.03,True
Q4_2024,smart_13_raw,8188,27345292,0.03,True
Q4_2024,smart_179_normalized,8372,27345292,0.03,True
Q4_2024,smart_179_raw,8372,27345292,0.03,True
Q4_2024,smart_181_normalized,8372,27345292,0.03,True
Q4_2024,smart_181_raw,8372,27345292,0.03,True
Q4_2024,smart_182_normalized,8372,27345292,0.03,True
Q4_2024,smart_182_raw,8372,27345292,0.03,True
Q4_2024,smart_201_normalized,8188,27345292,0.03,True
Q4_2024,smart_201_raw,8188,27345292,0.03,True
Q4_2024,smart_225_normalized,9084,27345292,0.03,True
Q4_2024,smart_225_raw,9084,27345292,0.03,True
Q4_2024,smart_245_normalized,8188,27345292,0.03,True
Q4_2024,smart_245_raw,8188,27345292,0.03,True
Q4_2024,smart_15_normalized,0,27345292,0.0,True
Q4_2024,smart_15_raw,0,27345292,0.0,True
Q4_2024,smart_160_normalized,0,27345292,0.0,True
Q4_2024,smart_160_raw,0,27345292,0.0,True
Q4_2024,smart_161_normalized,0,27345292,0.0,True
Q4_2024,smart_161_raw,0,27345292,0.0,True
Q4_2024,smart_163_normalized,0,27345292,0.0,True
Q4_2024,smart_163_raw,0,27345292,0.0,True
Q4_2024,smart_164_normalized,0,27345292,0.0,True
Q4_2024,smart_164_raw,0,27345292,0.0,True
Q4_2024,smart_175_normalized,92,27345292,0.0,True
Q4_2024,smart_175_raw,92,27345292,0.0,True
Q4_2024,smart_176_normalized,0,27345292,0.0,True
Q4_2024,smart_176_raw,0,27345292,0.0,True
Q4_2024,smart_178_normalized,0,27345292,0.0,True
Q4_2024,smart_178_raw,0,27345292,0.0,True
Q4_2024,smart_211_normalized,276,27345292,0.0,True
Q4_2024,smart_211_raw,276,27345292,0.0,True
Q4_2024,smart_212_normalized,276,27345292,0.0,True
Q4_2024,smart_212_raw,276,27345292,0.0,True
Q4_2024,smart_250_normalized,0,27345292,0.0,True
Q4_2024,smart_250_raw,0,27345292,0.0,True
Q4_2024,smart_251_normalized,0,27345292,0.0,True
Q4_2024,smart_251_raw,0,27345292,0.0,True
Q4_2024,smart_252_normalized,0,27345292,0.0,True
Q4_2024,smart_252_raw,0,27345292,0.0,True
Q4_2024,smart_255_normalized,0,27345292,0.0,True
Q4_2024,smart_255_raw,0,27345292,0.0,True
Q4_2024,smart_82_normalized,368,27345292,0.0,True
Q4_2024,smart_82_raw,368,27345292,0.0,True
Q4_2025,capacity_bytes,30941708,30941708,100.0,False
Q4_2025,cluster_id,30941708,30941708,100.0,False
Q4_2025,datacenter,30941708,30941708,100.0,False
Q4_2025,date,30941708,30941708,100.0,False
Q4_2025,failure,30941708,30941708,100.0,False
Q4_2025,is_legacy_format,30941708,30941708,100.0,False
Q4_2025,model,30941708,30941708,100.0,False
Q4_2025,pod_id,30941708,30941708,100.0,False
Q4_2025,serial_number,30941708,30941708,100.0,False
Q4_2025,vault_id,30941708,30941708,100.0,False
Q4_2025,pod_slot_num,30503312,30941708,98.58,False
Q4_2025,smart_12_normalized,30901967,30941708,99.87,True
Q4_2025,smart_12_raw,30901967,30941708,99.87,True
Q4_2025,smart_194_normalized,30901415,30941708,99.87,True
Q4_2025,smart_194_raw,30901415,30941708,99.87,True
Q4_2025,smart_9_normalized,30901967,30941708,99.87,True
Q4_2025,smart_9_raw,30901967,30941708,99.87,True
Q4_2025,smart_1_normalized,30872869,30941708,99.78,True
Q4_2025,smart_1_raw,30872869,30941708,99.78,True
Q4_2025,smart_192_normalized,30798435,30941708,99.54,True
Q4_2025,smart_192_raw,30798435,30941708,99.54,True
Q4_2025,smart_199_normalized,30732509,30941708,99.32,True
Q4_2025,smart_199_raw,30732509,30941708,99.32,True
Q4_2025,smart_5_normalized,30732510,30941708,99.32,True
Q4_2025,smart_5_raw,30732510,30941708,99.32,True
Q4_2025,smart_198_normalized,30703411,30941708,99.23,True
Q4_2025,smart_198_raw,30703411,30941708,99.23,True
Q4_2025,smart_3_normalized,30628978,30941708,98.99,True
Q4_2025,smart_3_raw,30628978,30941708,98.99,True
Q4_2025,smart_4_normalized,30628978,30941708,98.99,True
Q4_2025,smart_4_raw,30628978,30941708,98.99,True
Q4_2025,smart_7_normalized,30628978,30941708,98.99,True
Q4_2025,smart_7_raw,30628978,30941708,98.99,True
Q4_2025,smart_193_normalized,30622711,30941708,98.97,True
Q4_2025,smart_193_raw,30622711,30941708,98.97,True
Q4_2025,smart_10_normalized,30279039,30941708,97.86,True
Q4_2025,smart_10_raw,30279039,30941708,97.86,True
Q4_2025,smart_197_normalized,30155904,30941708,97.46,True
Q4_2025,smart_197_raw,30155904,30941708,97.46,True
Q4_2025,smart_196_normalized,20037562,30941708,64.76,True
Q4_2025,smart_196_raw,20037562,30941708,64.76,True
Q4_2025,smart_240_normalized,20037326,30941708,64.76,True
Q4_2025,smart_240_raw,20037326,30941708,64.76,True
Q4_2025,smart_2_normalized,19962763,30941708,64.52,True
Q4_2025,smart_2_raw,19962763,30941708,64.52,True
Q4_2025,smart_8_normalized,19962763,30941708,64.52,True
Q4_2025,smart_8_raw,19962763,30941708,64.52,True
Q4_2025,smart_241_normalized,13645796,30941708,44.1,True
Q4_2025,smart_241_raw,13645796,30941708,44.1,True
Q4_2025,smart_242_normalized,13645244,30941708,44.1,True
Q4_2025,smart_242_raw,13645244,30941708,44.1,True
Q4_2025,smart_191_normalized,11883501,30941708,38.41,True
Q4_2025,smart_191_raw,11883501,30941708,38.41,True
Q4_2025,smart_187_normalized,10402889,30941708,33.62,True
Q4_2025,smart_187_raw,10402889,30941708,33.62,True
Q4_2025,smart_188_normalized,10360457,30941708,33.48,True
Q4_2025,smart_188_raw,10360457,30941708,33.48,True
Q4_2025,smart_190_normalized,10308186,30941708,33.31,True
Q4_2025,smart_190_raw,10308186,30941708,33.31,True
Q4_2025,smart_23_normalized,10241753,30941708,33.1,True
Q4_2025,smart_23_raw,10241753,30941708,33.1,True
Q4_2025,smart_24_normalized,10241753,30941708,33.1,True
Q4_2025,smart_24_raw,10241753,30941708,33.1,True
Q4_2025,smart_22_normalized,10018797,30941708,32.38,True
Q4_2025,smart_22_raw,10018797,30941708,32.38,True
Q4_2025,smart_220_normalized,9728313,30941708,31.44,True
Q4_2025,smart_220_raw,9728313,30941708,31.44,True
Q4_2025,smart_222_normalized,9728313,30941708,31.44,True
Q4_2025,smart_222_raw,9728313,30941708,31.44,True
Q4_2025,smart_226_normalized,9728313,30941708,31.44,True
Q4_2025,smart_226_raw,9728313,30941708,31.44,True
Q4_2025,smart_200_normalized,8244333,30941708,26.64,True
Q4_2025,smart_200_raw,8244333,30941708,26.64,True
Q4_2025,smart_223_normalized,8238571,30941708,26.63,True
Q4_2025,smart_223_raw,8238571,30941708,26.63,True
Q4_2025,smart_18_normalized,8070382,30941708,26.08,True
Q4_2025,smart_18_raw,8070382,30941708,26.08,True
Q4_2025,smart_224_normalized,7722247,30941708,24.96,True
Q4_2025,smart_224_raw,7722247,30941708,24.96,True
Q4_2025,smart_195_normalized,4094641,30941708,13.23,True
Q4_2025,smart_195_raw,4094641,30941708,13.23,True
Q4_2025,smart_71_normalized,4036935,30941708,13.05,True
Q4_2025,smart_71_raw,4036935,30941708,13.05,True
Q4_2025,smart_90_normalized,4036935,30941708,13.05,True
Q4_2025,smart_90_raw,4036935,30941708,13.05,True
Q4_2025,smart_184_normalized,2265049,30941708,7.32,True
Q4_2025,smart_184_raw,2265049,30941708,7.32,True
Q4_2025,smart_189_normalized,2146161,30941708,6.94,True
Q4_2025,smart_189_raw,2146161,30941708,6.94,True
Q4_2025,smart_27_normalized,2034273,30941708,6.57,True
Q4_2025,smart_27_raw,2034273,30941708,6.57,True
Q4_2025,smart_173_normalized,264344,30941708,0.85,True
Q4_2025,smart_173_raw,264344,30941708,0.85,True
Q4_2025,smart_174_normalized,264344,30941708,0.85,True
Q4_2025,smart_174_raw,264344,30941708,0.85,True
Q4_2025,smart_231_normalized,261147,30941708,0.84,True
Q4_2025,smart_231_raw,261147,30941708,0.84,True
Q4_2025,smart_233_normalized,206280,30941708,0.67,True
Q4_2025,smart_233_raw,206280,30941708,0.67,True
Q4_2025,smart_168_normalized,198003,30941708,0.64,True
Q4_2025,smart_168_raw,198003,30941708,0.64,True
Q4_2025,smart_170_normalized,198463,30941708,0.64,True
Q4_2025,smart_170_raw,198463,30941708,0.64,True
Q4_2025,smart_232_normalized,198003,30941708,0.64,True
Q4_2025,smart_232_raw,198003,30941708,0.64,True
Q4_2025,smart_16_normalized,169457,30941708,0.55,True
Q4_2025,smart_16_raw,169457,30941708,0.55,True
Q4_2025,smart_177_normalized,170009,30941708,0.55,True
Q4_2025,smart_177_raw,170009,30941708,0.55,True
Q4_2025,smart_17_normalized,169457,30941708,0.55,True
Q4_2025,smart_17_raw,169457,30941708,0.55,True
Q4_2025,smart_218_normalized,169457,30941708,0.55,True
Q4_2025,smart_218_raw,169457,30941708,0.55,True
Q4_2025,smart_235_normalized,170193,30941708,0.55,True
Q4_2025,smart_235_raw,170193,30941708,0.55,True
Q4_2025,smart_171_normalized,94795,30941708,0.31,True
Q4_2025,smart_171_raw,94795,30941708,0.31,True
Q4_2025,smart_172_normalized,94795,30941708,0.31,True
Q4_2025,smart_172_raw,94795,30941708,0.31,True
Q4_2025,smart_234_normalized,79220,30941708,0.26,True
Q4_2025,smart_234_raw,79220,30941708,0.26,True
Q4_2025,smart_180_normalized,74434,30941708,0.24,True
Q4_2025,smart_180_raw,74434,30941708,0.24,True
Q4_2025,smart_202_normalized,74434,30941708,0.24,True
Q4_2025,smart_202_raw,74434,30941708,0.24,True
Q4_2025,smart_183_normalized,66709,30941708,0.22,True
Q4_2025,smart_183_raw,66709,30941708,0.22,True
Q4_2025,smart_206_normalized,66157,30941708,0.21,True
Q4_2025,smart_206_raw,66157,30941708,0.21,True
Q4_2025,smart_210_normalized,66157,30941708,0.21,True
Q4_2025,smart_210_raw,66157,30941708,0.21,True
Q4_2025,smart_246_normalized,66157,30941708,0.21,True
Q4_2025,smart_246_raw,66157,30941708,0.21,True
Q4_2025,smart_247_normalized,66157,30941708,0.21,True
Q4_2025,smart_247_raw,66157,30941708,0.21,True
Q4_2025,smart_248_normalized,66157,30941708,0.21,True
Q4_2025,smart_248_raw,66157,30941708,0.21,True
Q4_2025,smart_165_normalized,28546,30941708,0.09,True
Q4_2025,smart_165_raw,28546,30941708,0.09,True
Q4_2025,smart_166_normalized,28546,30941708,0.09,True
Q4_2025,smart_166_raw,28546,30941708,0.09,True
Q4_2025,smart_167_normalized,28546,30941708,0.09,True
Q4_2025,smart_167_raw,28546,30941708,0.09,True
Q4_2025,smart_169_normalized,28546,30941708,0.09,True
Q4_2025,smart_169_raw,28546,30941708,0.09,True
Q4_2025,smart_230_normalized,28546,30941708,0.09,True
Q4_2025,smart_230_raw,28546,30941708,0.09,True
Q4_2025,smart_244_normalized,28546,30941708,0.09,True
Q4_2025,smart_244_raw,28546,30941708,0.09,True
Q4_2025,smart_254_normalized,18118,30941708,0.06,True
Q4_2025,smart_254_raw,18118,30941708,0.06,True
Q4_2025,smart_11_normalized,14909,30941708,0.05,True
Q4_2025,smart_11_raw,14909,30941708,0.05,True
Q4_2025,smart_13_normalized,8277,30941708,0.03,True
Q4_2025,smart_13_raw,8277,30941708,0.03,True
Q4_2025,smart_179_normalized,8829,30941708,0.03,True
Q4_2025,smart_179_raw,8829,30941708,0.03,True
Q4_2025,smart_181_normalized,8829,30941708,0.03,True
Q4_2025,smart_181_raw,8829,30941708,0.03,True
Q4_2025,smart_182_normalized,8829,30941708,0.03,True
Q4_2025,smart_182_raw,8829,30941708,0.03,True
Q4_2025,smart_201_normalized,8277,30941708,0.03,True
Q4_2025,smart_201_raw,8277,30941708,0.03,True
Q4_2025,smart_245_normalized,8277,30941708,0.03,True
Q4_2025,smart_245_raw,8277,30941708,0.03,True
Q4_2025,smart_225_normalized,6267,30941708,0.02,True
Q4_2025,smart_225_raw,6267,30941708,0.02,True
Q4_2025,smart_15_normalized,0,30941708,0.0,True
Q4_2025,smart_15_raw,0,30941708,0.0,True
Q4_2025,smart_160_normalized,0,30941708,0.0,True
Q4_2025,smart_160_raw,0,30941708,0.0,True
Q4_2025,smart_161_normalized,0,30941708,0.0,True
Q4_2025,smart_161_raw,0,30941708,0.0,True
Q4_2025,smart_163_normalized,0,30941708,0.0,True
Q4_2025,smart_163_raw,0,30941708,0.0,True
Q4_2025,smart_164_normalized,0,30941708,0.0,True
Q4_2025,smart_164_raw,0,30941708,0.0,True
Q4_2025,smart_175_normalized,184,30941708,0.0,True
Q4_2025,smart_175_raw,184,30941708,0.0,True
Q4_2025,smart_176_normalized,0,30941708,0.0,True
Q4_2025,smart_176_raw,0,30941708,0.0,True
Q4_2025,smart_178_normalized,0,30941708,0.0,True
Q4_2025,smart_178_raw,0,30941708,0.0,True
Q4_2025,smart_211_normalized,276,30941708,0.0,True
Q4_2025,smart_211_raw,276,30941708,0.0,True
Q4_2025,smart_212_normalized,276,30941708,0.0,True
Q4_2025,smart_212_raw,276,30941708,0.0,True
Q4_2025,smart_250_normalized,0,30941708,0.0,True
Q4_2025,smart_250_raw,0,30941708,0.0,True
Q4_2025,smart_251_normalized,0,30941708,0.0,True
Q4_2025,smart_251_raw,0,30941708,0.0,True
Q4_2025,smart_252_normalized,92,30941708,0.0,True
Q4_2025,smart_252_raw,92,30941708,0.0,True
Q4_2025,smart_255_normalized,0,30941708,0.0,True
Q4_2025,smart_255_raw,0,30941708,0.0,True
Q4_2025,smart_82_normalized,460,30941708,0.0,True
Q4_2025,smart_82_raw,460,30941708,0.0,True
